INSERT INTO Person VALUES ('900101-14-1234', 'Adam', 'Lim', 'adam.lim@gmail.com');
INSERT INTO Person VALUES ('880202-07-5678', 'Aisyah', 'Rahman', 'aisyah.rahman@yahoo.com');
INSERT INTO Person VALUES ('930303-01-3456', 'Jack', 'Tan', 'jack.tan@hotmail.com');
INSERT INTO Person VALUES ('850404-10-7890', 'Priya', 'Nair', 'priya.nair@gmail.com');
INSERT INTO Person VALUES ('920505-08-4567', 'Faiz', 'Ahmad', 'faiz.ahmad@gmail.com');
INSERT INTO Person VALUES ('940606-12-2345', 'Karen', 'Lee', 'karen.lee@gmail.com');
INSERT INTO Person VALUES ('870707-11-6789', 'Hafiz', 'Zulkifli', 'hafiz.zulkifli@gmail.com');
INSERT INTO Person VALUES ('890808-05-1122', 'Mei', 'Wong', 'mei.wong@gmail.com');
INSERT INTO Person VALUES ('950909-09-3344', 'Syafiq', 'Ismail', 'syafiq.ismail@gmail.com');
INSERT INTO Person VALUES ('860101-03-5566', 'Raj', 'Kumar', 'raj.kumar@yahoo.com');
INSERT INTO Person VALUES ('990101-01-1234', 'Siew', 'Lim', 'siew.lim@hotmail.com');
INSERT INTO Person VALUES ('980202-02-5678', 'Boon', 'Tan', 'boon.tan@gmail.com');
INSERT INTO Person VALUES ('970303-03-3456', 'Ah Yoke', 'Wong', 'ahyoke.wong@yahoo.com');
INSERT INTO Person VALUES ('960404-04-7890', 'Siew Ying', 'Chan', 'siewying.chan@gmail.com');
INSERT INTO Person VALUES ('950505-05-4567', 'Chuan', 'Goh', 'chuan.goh@gmail.com');
INSERT INTO Person VALUES ('940606-06-2345', 'Mei Choo', 'Teh', 'meichoo.teh@yahoo.com');
INSERT INTO Person VALUES ('930707-07-6789', 'Boon Heng', 'Yap', 'boonheng.yap@gmail.com');
INSERT INTO Person VALUES ('920808-08-1122', 'Ah Lek', 'Chua', 'ahlek.chua@gmail.com');
INSERT INTO Person VALUES ('910909-09-3344', 'Yoke Fong', 'Ho', 'yokefong.ho@gmail.com');
INSERT INTO Person VALUES ('900101-10-5566', 'Siew Kuan', 'Lim', 'siewkuan.lim@gmail.com');
INSERT INTO Person VALUES ('510101-10-1234', 'Amir', 'Lim', 'amir.lim@gmail.com');
INSERT INTO Person VALUES ('460202-07-2345', 'Bryan', 'Tan', 'bryan.tan@gmail.com');
INSERT INTO Person VALUES ('500303-01-3456', 'Ravi', 'Kumar', 'ravi.kumar@gmail.com');
INSERT INTO Person VALUES ('480404-05-4567', 'Alicia', 'Tan', 'alicia.tan@gmail.com');
INSERT INTO Person VALUES ('530505-08-5678', 'Zara', 'Ahmad', 'zara.ahmad@gmail.com');
INSERT INTO Person VALUES ('550606-02-6789', 'Adam', 'Ariff', 'adam.ariff@gmail.com');
INSERT INTO Person VALUES ('470707-03-7890', 'Liyana', 'Rahman', 'liyana.rahman@gmail.com');
INSERT INTO Person VALUES ('490808-12-8901', 'Jin Hao', 'Tan', 'jinhao.tan@gmail.com');
INSERT INTO Person VALUES ('520909-04-9012', 'Ravi', 'Krishna', 'ravi.krishna@gmail.com');
INSERT INTO Person VALUES ('540101-06-1122', 'Nurain', 'Aziz', 'nurain.aziz@gmail.com');
INSERT INTO Person VALUES ('140201-14-1234', 'Jessica', 'Lee', 'jessica.lee@gmail.com');
INSERT INTO Person VALUES ('131115-07-2345', 'Fikri', 'Mohd', 'fikri.mohd@gmail.com');
INSERT INTO Person VALUES ('150620-01-3456', 'Grace', 'Lee', 'grace.lee@gmail.com');
INSERT INTO Person VALUES ('120903-05-4567', 'Wai Mun', 'Chong', 'waimun.chong@gmail.com');
INSERT INTO Person VALUES ('111225-08-5678', 'Aminah', 'Siti', 'aminah.siti@gmail.com');
INSERT INTO Person VALUES ('130418-02-6789', 'Yew Chuan', 'Lim', 'yewchuan.lim@gmail.com');
INSERT INTO Person VALUES ('141010-03-7890', 'Harvinder', 'Singh', 'harvinder.singh@gmail.com');
INSERT INTO Person VALUES ('160130-12-8901', 'Harish', 'Raj', 'harish.raj@gmail.com');
INSERT INTO Person VALUES ('150812-04-9012', 'Arif', 'Shah', 'arif.shah@gmail.com');
INSERT INTO Person VALUES ('110707-06-1122', 'Hana', 'Salleh', 'hana.salleh@gmail.com');
INSERT INTO Person VALUES ('011231-14-1234', 'Cheah', 'Yong Jin', 'cheah.yj@gmail.com');
INSERT INTO Person VALUES ('000101-03-4567', 'Reza', 'Osman', 'reza.osman@gmail.com');
INSERT INTO Person VALUES ('991010-06-1122', 'Malik', 'Hamzah', 'malik.hamzah@gmail.com');
INSERT INTO Person VALUES ('010203-10-2345', 'Zhi Hao', 'Chin', 'zhihao.chin@gmail.com');
INSERT INTO Person VALUES ('000404-01-7890', 'Lee', 'Su Ann', 'lee.suann@gmail.com');
INSERT INTO Person VALUES ('990505-09-6789', 'Yong Jin', 'Cheah', 'yjcheah@gmail.com');
INSERT INTO Person VALUES ('980606-07-5678', 'Farah', 'Aiman', 'farah.aiman@gmail.com');
INSERT INTO Person VALUES ('010101-08-3456', 'Daniel', 'Ong', 'daniel.ong@gmail.com');
INSERT INTO Person VALUES ('990909-04-5566', 'Melati', 'Abdullah', 'melati.abdullah@gmail.com');
INSERT INTO Person VALUES ('970707-03-9988', 'Han ji', 'Loo', 'hanji.loo@gmail.com');
INSERT INTO Person VALUES ('860212-11-9876', 'Ali', 'Bakar', 'ali.bakar11@utp.my');
INSERT INTO Person VALUES ('870313-02-3456', 'Abu', 'Bakar', 'abu.bakar11@utp.my');
INSERT INTO Person VALUES ('880414-03-8765', 'Albu', 'Bakar', 'albu.bakar11@utp.my');
INSERT INTO Person VALUES ('890515-04-5678', 'Aku', 'Bakar', 'aku.bakar11@utp.my');
INSERT INTO Person VALUES ('900616-05-6789', 'Au', 'Bakar', 'au.bakar11@utp.my');
INSERT INTO Person VALUES ('951201-10-8888', 'Zarina', 'Abu', 'zarina.abu@utp.edu.my');
INSERT INTO Person VALUES ('010404-09-3344', 'Ameerah', 'Hassan', 'ameerah.hassan@gmail.com');


INSERT INTO Staff VALUES ('S1001', TO_DATE('2020-01-15', 'YYYY-MM-DD'), 'Floor Supervisor', 'Full-Time', '900101-14-1234');
INSERT INTO Staff VALUES ('S1002', TO_DATE('2021-03-22', 'YYYY-MM-DD'), 'Cashier', 'Part-Time', '880202-07-5678');
INSERT INTO Staff VALUES ('S1003', TO_DATE('2022-06-10', 'YYYY-MM-DD'), 'Server', 'Full-Time', '930303-01-3456');
INSERT INTO Staff VALUES ('S1004', TO_DATE('2023-02-01', 'YYYY-MM-DD'), 'Cleaner', 'Contract', '850404-10-7890');
INSERT INTO Staff VALUES ('S1005', TO_DATE('2019-11-28', 'YYYY-MM-DD'), 'Manager', 'Full-Time', '920505-08-4567');
INSERT INTO Staff VALUES ('S1006', TO_DATE('2021-08-05', 'YYYY-MM-DD'), 'Stock Handler', 'Part-Time', '940606-12-2345');
INSERT INTO Staff VALUES ('S1007', TO_DATE('2020-07-17', 'YYYY-MM-DD'), 'Shift Lead', 'Full-Time', '870707-11-6789');
INSERT INTO Staff VALUES ('S1008', TO_DATE('2022-09-03', 'YYYY-MM-DD'), 'Assistant Manager', 'Full-Time', '890808-05-1122');
INSERT INTO Staff VALUES ('S1009', TO_DATE('2024-01-09', 'YYYY-MM-DD'), 'Customer Assistant', 'Contract', '950909-09-3344');
INSERT INTO Staff VALUES ('S1010', TO_DATE('2018-12-11', 'YYYY-MM-DD'), 'Branch Manager', 'Full-Time', '860101-03-5566');
INSERT INTO Staff VALUES ('S2001', TO_DATE('2023-05-14', 'YYYY-MM-DD'), 'Cashier', 'Contract', '990101-01-1234');
INSERT INTO Staff VALUES ('S2002', TO_DATE('2021-10-30', 'YYYY-MM-DD'), 'Floor Staff', 'Part-Time', '980202-02-5678');
INSERT INTO Staff VALUES ('S2003', TO_DATE('2019-06-06', 'YYYY-MM-DD'), 'Maintenance Staff', 'Full-Time', '970303-03-3456');
INSERT INTO Staff VALUES ('S2004', TO_DATE('2020-03-25', 'YYYY-MM-DD'), 'Barista', 'Full-Time', '960404-04-7890');
INSERT INTO Staff VALUES ('S2005', TO_DATE('2023-08-18', 'YYYY-MM-DD'), 'Inventory Checker', 'Contract', '950505-05-4567');
INSERT INTO Staff VALUES ('S2006', TO_DATE('2022-12-07', 'YYYY-MM-DD'), 'Cleaner', 'Part-Time', '940606-06-2345');
INSERT INTO Staff VALUES ('S2007', TO_DATE('2021-01-04', 'YYYY-MM-DD'), 'Server', 'Full-Time', '930707-07-6789');
INSERT INTO Staff VALUES ('S2008', TO_DATE('2019-04-15', 'YYYY-MM-DD'), 'Assistant Manager', 'Full-Time', '920808-08-1122');
INSERT INTO Staff VALUES ('S2009', TO_DATE('2022-02-20', 'YYYY-MM-DD'), 'Cashier', 'Full-Time', '910909-09-3344');
INSERT INTO Staff VALUES ('S2010', TO_DATE('2024-04-30', 'YYYY-MM-DD'), 'Food Handler', 'Part-Time', '900101-10-5566');
INSERT INTO Staff VALUES ('S1011', TO_DATE('2021-01-10', 'YYYY-MM-DD'), 'Technician', 'Full-Time', '860212-11-9876');
INSERT INTO Staff VALUES ('S1012', TO_DATE('2021-02-10', 'YYYY-MM-DD'), 'Customer Assistant', 'Full-Time', '870313-02-3456');
INSERT INTO Staff VALUES ('S1013', TO_DATE('2022-07-14', 'YYYY-MM-DD'), 'Projectionist', 'Full-Time', '880414-03-8765');
INSERT INTO Staff VALUES ('S1014', TO_DATE('2020-11-19', 'YYYY-MM-DD'), 'Cleaner', 'Contract', '890515-04-5678');
INSERT INTO Staff VALUES ('S1015', TO_DATE('2023-04-21', 'YYYY-MM-DD'), 'Cashier', 'Part-Time', '900616-05-6789');



INSERT INTO Manager VALUES ('M001', 'REF-2025-001', 'Senior', 'KL HQ',           12, 'YES', 'IT',              'Great performance',          'YES', 'MBA',         'S1001', '900101-14-1234');
INSERT INTO Manager VALUES ('M002', 'REF-2025-002', 'Mid',    'Penang Office',    8, 'NO',  'Finance',         'Needs improvement plan',     'NO',  'ACCA',        'S1002', '880202-07-5678');
INSERT INTO Manager VALUES ('M003', 'REF-2025-003', 'Junior', 'Johor Branch',     5, 'NO',  'HR',              'New to the role',            'YES', 'BBA',         'S1003', '930303-01-3456');
INSERT INTO Manager VALUES ('M004', 'REF-2025-004', 'Mid',    'KL HQ',            9, 'YES', 'Operations',      'Highly collaborative',       'YES', 'PMP',         'S1004', '850404-10-7890');
INSERT INTO Manager VALUES ('M005', 'REF-2025-005', 'Senior', 'Cyberjaya Office',15, 'YES', 'IT',              'Strong technical skills',    'YES', 'MSc CS',      'S1005', '920505-08-4567');
INSERT INTO Manager VALUES ('M006', 'REF-2025-006', 'Junior', 'Kuching Branch',   3, 'NO',  'Customer Service','Small team',                 'NO',  'DipMgmt',     'S1006', '940606-12-2345');
INSERT INTO Manager VALUES ('M007', 'REF-2025-007', 'Mid',    'KL HQ',            7, 'YES', 'Marketing',       'Excellent leadership',       'YES', 'MBA',         'S1007', '870707-11-6789');
INSERT INTO Manager VALUES ('M008', 'REF-2025-008', 'Senior', 'Penang Office',   11, 'YES', 'Sales',           'Exceeds KPIs',               'YES', 'EMBA',        'S1008', '890808-05-1122');
INSERT INTO Manager VALUES ('M009', 'REF-2025-009', 'Junior', 'Johor Branch',     4, 'NO',  'Logistics',       'Team building in progress',  'NO',  'BSc Logistics','S1009', '950909-09-3344');
INSERT INTO Manager VALUES ('M010', 'REF-2025-010', 'Mid',    'KL HQ',           10, 'YES', 'Finance',         'Reliable and consistent',    'YES', 'CPA',         'S1010', '860101-03-5566');


INSERT INTO Floor_Staff VALUES ('FS001', 'FREF-2025-001', 'Cashier',       'Counter 1',     'Beverage',    'YES', 1,    'YES', 'YES', 'YES', 'S2001', '990101-01-1234');
INSERT INTO Floor_Staff VALUES ('FS002', 'FREF-2025-002', 'Server',        'Hall A',        'Bakery',      'NO',  2,    'NO',  'YES', 'YES', 'S2002', '980202-02-5678');
INSERT INTO Floor_Staff VALUES ('FS003', 'FREF-2025-003', 'Cleaner',       'Restroom Area', 'Sanitation',  'NO',  NULL, 'NO',  'YES', 'NO',  'S2003', '970303-03-3456');
INSERT INTO Floor_Staff VALUES ('FS004', 'FREF-2025-004', 'Cashier',       'Counter 2',     'Beverage',    'YES', 2,    'YES', 'YES', 'YES', 'S2004', '960404-04-7890');
INSERT INTO Floor_Staff VALUES ('FS005', 'FREF-2025-005', 'Server',        'Hall B',        'Meat',        'YES', 3,    'NO',  'YES', 'YES', 'S2005', '950505-05-4567');
INSERT INTO Floor_Staff VALUES ('FS006', 'FREF-2025-006', 'Stock Handler', 'Storage Area',  'Inventory',   'NO',  NULL, 'NO',  'NO',  'NO',  'S2006', '940606-06-2345');
INSERT INTO Floor_Staff VALUES ('FS007', 'FREF-2025-007', 'Cashier',       'Counter 3',     'Bakery',      'YES', 3,    'YES', 'YES', 'YES', 'S2007', '930707-07-6789');
INSERT INTO Floor_Staff VALUES ('FS008', 'FREF-2025-008', 'Server',        'Hall C',        'Beverage',    'NO',  4,    'NO',  'YES', 'YES', 'S2008', '920808-08-1122');
INSERT INTO Floor_Staff VALUES ('FS009', 'FREF-2025-009', 'Cleaner',       'Kitchen Area',  'Sanitation',  'NO',  NULL, 'NO',  'YES', 'NO',  'S2009', '910909-09-3344');
INSERT INTO Floor_Staff VALUES ('FS010', 'FREF-2025-010', 'Cashier',       'Counter 4',     'Meat',        'YES', 4,    'YES', 'YES', 'YES', 'S2010', '900101-10-5566');



INSERT INTO Customer (Customer_ID, Customer_RefNum, Age_Category, Customer_Address, Person_IC)
VALUES ('C1001', 'CUST-2025-001', 'Adult', '12, Jalan Setia, Shah Alam', '510101-10-1234');

INSERT INTO Customer (Customer_ID, Customer_RefNum, Age_Category, Customer_Address, Person_IC)
VALUES ('C1002', 'CUST-2025-002', 'Adult', '20, Taman Merdeka, Melaka', '460202-07-2345');

INSERT INTO Customer (Customer_ID, Customer_RefNum, Age_Category, Customer_Address, Person_IC)
VALUES ('C1003', 'CUST-2025-003', 'Adult', '33, Jalan Bunga Raya, KL', '500303-01-3456');

INSERT INTO Customer (Customer_ID, Customer_RefNum, Age_Category, Customer_Address, Person_IC)
VALUES ('C1004', 'CUST-2025-004', 'Adult', '5, Lorong Mawar, Johor Bahru', '480404-05-4567');

INSERT INTO Customer (Customer_ID, Customer_RefNum, Age_Category, Customer_Address, Person_IC)
VALUES ('C1005', 'CUST-2025-005', 'Adult', '77, Jalan Ampang, Kuala Lumpur', '530505-08-5678');

INSERT INTO Customer (Customer_ID, Customer_RefNum, Age_Category, Customer_Address, Person_IC)
VALUES ('C1006', 'CUST-2025-006', 'Adult', '3A, Taman Seri, Penang', '550606-02-6789');

INSERT INTO Customer (Customer_ID, Customer_RefNum, Age_Category, Customer_Address, Person_IC)
VALUES ('C1007', 'CUST-2025-007', 'Adult', '18, Jalan Harmoni, Ipoh', '470707-03-7890');

INSERT INTO Customer (Customer_ID, Customer_RefNum, Age_Category, Customer_Address, Person_IC)
VALUES ('C1008', 'CUST-2025-008', 'Adult', '42, Jalan Hijau, Seremban', '490808-12-8901');

INSERT INTO Customer (Customer_ID, Customer_RefNum, Age_Category, Customer_Address, Person_IC)
VALUES ('C1009', 'CUST-2025-009', 'Adult', '10, Persiaran Damai, Petaling Jaya', '520909-04-9012');

INSERT INTO Customer (Customer_ID, Customer_RefNum, Age_Category, Customer_Address, Person_IC)
VALUES ('C1010', 'CUST-2025-010', 'Adult', '66, Lorong Berlian, Taiping', '540101-06-1122');

-- Kids
INSERT INTO Customer (Customer_ID, Customer_RefNum, Age_Category, Customer_Address, Person_IC)
VALUES ('C2001', 'CUST-2025-011', 'Kids', '100, Jalan Emas, Klang', '140201-14-1234');

INSERT INTO Customer (Customer_ID, Customer_RefNum, Age_Category, Customer_Address, Person_IC)
VALUES ('C2002', 'CUST-2025-012', 'Kids', '88, Taman Wawasan, Kuantan', '131115-07-2345');

INSERT INTO Customer (Customer_ID, Customer_RefNum, Age_Category, Customer_Address, Person_IC)
VALUES ('C2003', 'CUST-2025-013', 'Kids', '12, Taman Sinar, Butterworth', '150620-01-3456');

INSERT INTO Customer (Customer_ID, Customer_RefNum, Age_Category, Customer_Address, Person_IC)
VALUES ('C2004', 'CUST-2025-014', 'Kids', '75, Jalan Ceria, Alor Setar', '120903-05-4567');

INSERT INTO Customer (Customer_ID, Customer_RefNum, Age_Category, Customer_Address, Person_IC)
VALUES ('C2005', 'CUST-2025-015', 'Kids', '34, Lorong Sutera, Kota Bharu', '111225-08-5678');

INSERT INTO Customer (Customer_ID, Customer_RefNum, Age_Category, Customer_Address, Person_IC)
VALUES ('C2006', 'CUST-2025-016', 'Kids', '21, Jalan Suria, Batu Pahat', '130418-02-6789');

INSERT INTO Customer (Customer_ID, Customer_RefNum, Age_Category, Customer_Address, Person_IC)
VALUES ('C2007', 'CUST-2025-017', 'Kids', '9, Taman Indah, Muar', '141010-03-7890');

INSERT INTO Customer (Customer_ID, Customer_RefNum, Age_Category, Customer_Address, Person_IC)
VALUES ('C2008', 'CUST-2025-018', 'Kids', '2, Jalan Ria, Sibu', '160130-12-8901');

INSERT INTO Customer (Customer_ID, Customer_RefNum, Age_Category, Customer_Address, Person_IC)
VALUES ('C2009', 'CUST-2025-019', 'Kids', '17, Jalan Mesra, Kangar', '150812-04-9012');

INSERT INTO Customer (Customer_ID, Customer_RefNum, Age_Category, Customer_Address, Person_IC)
VALUES ('C2010', 'CUST-2025-020', 'Kids', '56, Lorong Sentosa, Sandakan', '110707-06-1122');

-- Student
INSERT INTO Customer (Customer_ID, Customer_RefNum, Age_Category, Customer_Address, Person_IC)
VALUES ('C3001', 'CUST-2025-021', 'Student', '4, Taman Kenari, Shah Alam', '011231-14-1234');

INSERT INTO Customer (Customer_ID, Customer_RefNum, Age_Category, Customer_Address, Person_IC)
VALUES ('C3002', 'CUST-2025-022', 'Student', '8, Jalan Mawar Putih, Seremban', '000101-03-4567');

INSERT INTO Customer (Customer_ID, Customer_RefNum, Age_Category, Customer_Address, Person_IC)
VALUES ('C3003', 'CUST-2025-023', 'Student', '99, Jalan Limau, Penang', '991010-06-1122');

INSERT INTO Customer (Customer_ID, Customer_RefNum, Age_Category, Customer_Address, Person_IC)
VALUES ('C3004', 'CUST-2025-024', 'Student', '11, Taman Bintang, Subang', '010203-10-2345');

INSERT INTO Customer (Customer_ID, Customer_RefNum, Age_Category, Customer_Address, Person_IC)
VALUES ('C3005', 'CUST-2025-025', 'Student', '67, Jalan Teratai, Sungai Petani', '000404-01-7890');

INSERT INTO Customer (Customer_ID, Customer_RefNum, Age_Category, Customer_Address, Person_IC)
VALUES ('C3006', 'CUST-2025-026', 'Student', '23, Persiaran Mahasiswa, Bangi', '990505-09-6789');

INSERT INTO Customer (Customer_ID, Customer_RefNum, Age_Category, Customer_Address, Person_IC)
VALUES ('C3007', 'CUST-2025-027', 'Student', '55, Jalan Ilmu, Bukit Jalil', '980606-07-5678');

INSERT INTO Customer (Customer_ID, Customer_RefNum, Age_Category, Customer_Address, Person_IC)
VALUES ('C3008', 'CUST-2025-028', 'Student', '9A, Taman Varsiti, Tronoh', '010101-08-3456');

INSERT INTO Customer (Customer_ID, Customer_RefNum, Age_Category, Customer_Address, Person_IC)
VALUES ('C3009', 'CUST-2025-029', 'Student', '45, Jalan Akademi, Puchong', '990909-04-5566');

INSERT INTO Customer (Customer_ID, Customer_RefNum, Age_Category, Customer_Address, Person_IC)
VALUES ('C3010', 'CUST-2025-030', 'Student', '88, Jalan Kolej, Cyberjaya', '970707-03-9988');


INSERT INTO Senior_Citizen_Customer (
  Senior_Citizen_ID,
  Senior_Citizen_RefNum,
  Emergency_Contact_Name,
  Emergency_Contact_Number,
  Accessibility,
  Mobility_Aid_Type,
  Health_Issues,
  Food_Restriction,
  Hearing_Aid_Required,
  Special_Seat_Required,
  Customer_ID,
  Person_IC
) VALUES ('SC001', 'SCREF-2025-001', 'Lim Mei Ling', '012-3456789', 'YES', 'Wheelchair', 'Arthritis', 'Low sodium', 'YES', 'YES', 'C1001', '510101-10-1234');

INSERT INTO Senior_Citizen_Customer VALUES ('SC002', 'SCREF-2025-002', 'Tan Boon Kee', '013-4567890', 'NO', 'None', 'Diabetes', 'Sugar-free', 'NO', 'NO', 'C1002', '460202-07-2345');

INSERT INTO Senior_Citizen_Customer VALUES ('SC003', 'SCREF-2025-003', 'Wong Ah Yoke', '016-7890123', 'YES', 'Walking Cane', 'Osteoporosis', 'Vegetarian', 'NO', 'YES', 'C1003', '500303-01-3456');

INSERT INTO Senior_Citizen_Customer VALUES ('SC004', 'SCREF-2025-004', 'Chan Siew Ying', '014-9988776', 'NO', 'None', 'High Blood Pressure', 'Low fat', 'NO', 'NO', 'C1004', '480404-05-4567');

INSERT INTO Senior_Citizen_Customer VALUES ('SC005', 'SCREF-2025-005', 'Goh Chuan Leong', '017-1234567', 'YES', 'Walker', 'Parkinson''s', 'Gluten-free', 'YES', 'YES', 'C1005', '530505-08-5678');

INSERT INTO Senior_Citizen_Customer VALUES ('SC006', 'SCREF-2025-006', 'Teh Mei Choo', '012-3344556', 'NO', 'None', 'None', 'None', 'NO', 'NO', 'C1006', '550606-02-6789');

INSERT INTO Senior_Citizen_Customer VALUES ('SC007', 'SCREF-2025-007', 'Yap Boon Heng', '019-2233445', 'YES', 'Wheelchair', 'Stroke Recovery', 'Diabetic-friendly', 'YES', 'YES', 'C1007', '470707-03-7890');

INSERT INTO Senior_Citizen_Customer VALUES ('SC008', 'SCREF-2025-008', 'Chua Ah Lek', '018-9988776', 'YES', 'Walking Cane', 'Heart Condition', 'No seafood', 'NO', 'YES', 'C1008', '490808-12-8901');

INSERT INTO Senior_Citizen_Customer VALUES ('SC009', 'SCREF-2025-009', 'Ho Yoke Fong', '011-7788990', 'NO', 'None', 'Vision Impairment', 'Soft diet', 'NO', 'YES', 'C1009', '520909-04-9012');

INSERT INTO Senior_Citizen_Customer VALUES ('SC010', 'SCREF-2025-010', 'Lim Siew Kuan', '010-6655443', 'YES', 'Wheelchair', 'Chronic Back Pain', 'No spicy food', 'YES', 'YES', 'C1010', '540101-06-1122');


INSERT INTO Kids_Customer (
  Kids_ID,
  Guardian_ID,
  Guardian_Name,
  Guardian_Contact,
  Kids_Club_Membership,
  Accompanied_by_Adult,
  Preferred_Movie_Time,
  Preferred_Seating_Location,
  Age_Rating,
  Birthday_Date,
  Customer_ID,
  Person_IC
) VALUES ('K001', 'G001', 'Nur Aisyah Mohd', '012-3456789', 'YES', 'YES', 'Morning', 'Middle', 'G', TO_DATE('2014-02-01', 'YYYY-MM-DD'), 'C2001', '140201-14-1234');

INSERT INTO Kids_Customer VALUES ('K002', 'G002', 'Lim Wei Kiat', '013-4567890', 'NO', 'YES', 'Afternoon', 'Back', 'PG', TO_DATE('2013-11-15', 'YYYY-MM-DD'), 'C2002', '131115-07-2345');

INSERT INTO Kids_Customer VALUES ('K003', 'G003', 'Raj Kumar', '016-7890123', 'YES', 'YES', 'Morning', 'Front', 'G', TO_DATE('2015-06-20', 'YYYY-MM-DD'), 'C2003', '150620-01-3456');

INSERT INTO Kids_Customer VALUES ('K004', 'G004', 'Tan Mei Ling', '014-9988776', 'NO', 'YES', 'Evening', 'Middle', 'PG', TO_DATE('2012-09-03', 'YYYY-MM-DD'), 'C2004', '120903-05-4567');

INSERT INTO Kids_Customer VALUES ('K005', 'G005', 'Ahmad Faizal', '017-1234567', 'YES', 'NO', 'Afternoon', 'Back', 'PG13', TO_DATE('2011-12-25', 'YYYY-MM-DD'), 'C2005', '111225-08-5678');

INSERT INTO Kids_Customer VALUES ('K006', 'G006', 'Grace Lee', '012-3344556', 'NO', 'YES', 'Morning', 'Middle', 'G', TO_DATE('2013-04-18', 'YYYY-MM-DD'), 'C2006', '130418-02-6789');

INSERT INTO Kids_Customer VALUES ('K007', 'G007', 'Chong Wai Mun', '019-2233445', 'YES', 'YES', 'Evening', 'Front', 'PG', TO_DATE('2014-10-10', 'YYYY-MM-DD'), 'C2007', '141010-03-7890');

INSERT INTO Kids_Customer VALUES ('K008', 'G008', 'Siti Aminah', '018-9988776', 'NO', 'YES', 'Afternoon', 'Middle', 'G', TO_DATE('2016-01-30', 'YYYY-MM-DD'), 'C2008', '160130-12-8901');

INSERT INTO Kids_Customer VALUES ('K009', 'G009', 'Lim Yew Chuan', '011-7788990', 'YES', 'NO', 'Morning', 'Back', 'PG', TO_DATE('2015-08-12', 'YYYY-MM-DD'), 'C2009', '150812-04-9012');

INSERT INTO Kids_Customer VALUES ('K010', 'G010', 'Harvinder Singh', '010-6655443', 'YES', 'YES', 'Evening', 'Middle', 'PG13', TO_DATE('2011-07-07', 'YYYY-MM-DD'), 'C2010', '110707-06-1122');


INSERT INTO Student_Customer VALUES (
  'ST001', 'adam92@gmail.com', 'Universiti Malaya', 'Computer Science', 2022,
  'adam.stu@um.edu.my', '03-79676300', 'YES', 'Degree', 'PG13', 'C3001', '011231-14-1234'
);

INSERT INTO Student_Customer VALUES (
  'ST002', 'liyana.rahman@yahoo.com', 'Taylor''s University', 'Mass Communication', 2021,
  'liyana@sd.taylors.edu.my', '03-56295600', 'NO', 'Degree', 'PG', 'C3002', '000101-03-4567'
);

INSERT INTO Student_Customer VALUES (
  'ST003', 'tan.jh@hotmail.com', 'UTP', 'Petroleum Engineering', 2020,
  'tanjh@utp.edu.my', '05-3688000', 'YES', 'Degree', 'PG13', 'C3003', '991010-06-1122'
);

INSERT INTO Student_Customer VALUES (
  'ST004', 'ravi.k@gmail.com', 'INTI International', 'Business Management', 2023,
  'ravi.k@newinti.edu.my', '03-56232800', 'NO', 'Diploma', 'PG', 'C3004', '010203-10-2345'
);

INSERT INTO Student_Customer VALUES (
  'ST005', 'nurain_aziz@gmail.com', 'UiTM', 'Accounting', 2022,
  'nurain.aziz@isis.uitm.edu.my', '03-55442000', 'YES', 'Degree', 'PG13', 'C3005', '000404-01-7890'
);

INSERT INTO Student_Customer VALUES (
  'ST006', 'jesslee@gmail.com', 'Sunway University', 'Psychology', 2021,
  'jlee@students.sunway.edu.my', '03-74918622', 'YES', 'Degree', 'PG13', 'C3006', '990505-09-6789'
);

INSERT INTO Student_Customer VALUES (
  'ST007', 'mohdfikri22@gmail.com', 'MMU', 'Information Systems', 2020,
  'fikri22@mmu.edu.my', '06-2523000', 'NO', 'Degree', 'PG', 'C3007', '980606-07-5678'
);

INSERT INTO Student_Customer VALUES (
  'ST008', 'sara.ong@gmail.com', 'SEGi University', 'Hospitality Management', 2023,
  'sara.ong@students.segi.edu.my', '03-61451777', 'YES', 'Diploma', 'PG', 'C3008', '010101-08-3456'
);

INSERT INTO Student_Customer VALUES (
  'ST009', 'cheah.yj@gmail.com', 'HELP University', 'Law', 2022,
  'yjcheah@help.edu.my', '03-20948788', 'YES', 'Degree', '18+', 'C3009', '990909-04-5566'
);

INSERT INTO Student_Customer VALUES (
  'ST010', 'harishraj@gmail.com', 'UPM', 'Agricultural Science', 2019,
  'harishraj@student.upm.edu.my', '03-97691000', 'NO', 'Degree', 'PG13', 'C3010', '970707-03-9988'
);


INSERT INTO Franchise VALUES (
  'F001', '201801234567', 'Foodie Delight Subang',
  'Lot 12, Subang Parade, Subang Jaya', '47600', 'Selangor',
  '10AM–10PM', '03-56311234', 'Mall', 'subang@foodiedelight.my'
);

INSERT INTO Franchise VALUES (
  'F002', '201901122334', 'Foodie Delight Penang',
  '88, Jalan Gurney, George Town', '10250', 'Penang',
  '9AM–10PM', '04-2298877', 'Standalone', 'penang@foodiedelight.my'
);

INSERT INTO Franchise VALUES (
  'F003', '202001998877', 'Foodie Delight Melaka',
  '21, Taman Merdeka, Bandar Melaka Raya', '75300', 'Melaka',
  '10AM–9PM', '06-2845566', 'Shoplot', 'melaka@foodiedelight.my'
);

INSERT INTO Franchise VALUES (
  'F004', '201701112233', 'Foodie Delight Bangi',
  'No. 3, Seksyen 15, Bandar Baru Bangi', '43650', 'Selangor',
  '8AM–10PM', '03-89221177', 'Shoplot', 'bangi@foodiedelight.my'
);

INSERT INTO Franchise VALUES (
  'F005', '202102334455', 'Foodie Delight Johor',
  'G-02, Aeon Tebrau City, Johor Bahru', '81100', 'Johor',
  '10AM–10PM', '07-3501122', 'Mall', 'johor@foodiedelight.my'
);

INSERT INTO Franchise VALUES (
  'F006', '202203334466', 'Foodie Delight Kuantan',
  '45, Jalan Tun Ismail, Kuantan', '25000', 'Pahang',
  '9AM–9PM', '09-5678899', 'Standalone', 'kuantan@foodiedelight.my'
);

INSERT INTO Franchise VALUES (
  'F007', '201601889900', 'Foodie Delight Ipoh',
  '101, Jalan Sultan Iskandar, Ipoh', '30000', 'Perak',
  '10AM–10PM', '05-2547788', 'Shoplot', 'ipoh@foodiedelight.my'
);

INSERT INTO Franchise VALUES (
  'F008', '202004556677', 'Foodie Delight Kuching',
  'Lot 25, Vivacity Megamall, Kuching', '93350', 'Sarawak',
  '10AM–10PM', '082-238822', 'Mall', 'kuching@foodiedelight.my'
);

INSERT INTO Franchise VALUES (
  'F009', '201803335577', 'Foodie Delight Kota Kinabalu',
  '33, Jalan Tun Razak, KK Times Square', '88100', 'Sabah',
  '10AM–9PM', '088-221133', 'Shoplot', 'kk@foodiedelight.my'
);

INSERT INTO Franchise VALUES (
  'F010', '202304556699', 'Foodie Delight Setia Alam',
  'G12, Setia City Mall, Setia Alam', '40170', 'Selangor',
  '10AM–10PM', '03-33445577', 'Mall', 'setia@foodiedelight.my'
);

INSERT INTO Franchise VALUES (
  'F011', '201801234568', 'UTP CineGroup',
  'Jalan UTP, Tronoh', '31750', 'Perak',
  '10:00 - 23:00', '05-1234567', 'University', 'franchise@utpcine.my'
);

INSERT INTO Franchise VALUES (
  'F012', '201901122335', 'Franchise Perlis',
  'Kangar', '01000', 'Perlis',
  '10:00 - 22:00', '04-9762211', 'Mall', 'perlis@franchise.my'
);

INSERT INTO Franchise VALUES (
  'F013', '202001998878', 'Franchise KL',
  'Kuala Lumpur', '50088', 'KL',
  '09:00 - 00:00', '03-77700100', 'City Center', 'kl@franchise.my'
);

INSERT INTO Franchise VALUES (
  'F014', '201701112234', 'Franchise Seremban',
  'Seremban', '70300', 'Negeri Sembilan',
  '10:00 - 23:00', '06-6011990', 'Urban', 'seremban@franchise.my'
);

INSERT INTO Franchise VALUES (
  'F015', '202102334456', 'Franchise Terengganu',
  'Kuala Terengganu', '21000', 'Terengganu',
  '10:00 - 23:00', '09-6667788', 'Coastal', 'terengganu@franchise.my'
);


INSERT INTO Cinema VALUES (
  'CIN001', 'cine.subang@fdcinema.my', 'CIN-2025-001', 'Foodie Subang Cineplex',
  'Subang Parade, Subang Jaya', 'Dolby|3D|Recliner Seats',
  '10:00', '23:00', 5, '03-56311234', 'F001', '201801234567'
);

INSERT INTO Cinema VALUES (
  'CIN002', 'cine.penang@fdcinema.my', 'CIN-2025-002', 'Foodie Gurney Cineplex',
  'Gurney Plaza, George Town', 'Dolby Atmos|IMAX|Kids Zone',
  '10:00', '23:00', 5, '04-22988770', 'F002', '201901122334'
);

INSERT INTO Cinema VALUES (
  'CIN003', 'cine.melaka@fdcinema.my', 'CIN-2025-003', 'Foodie Melaka Cinemax',
  'Bandar Hilir, Melaka', 'Standard|3D|Wheelchair Access',
  '09:00', '22:00', 4, '06-28455660', 'F003', '202001998877'
);

INSERT INTO Cinema VALUES (
  'CIN004', 'cine.bangi@fdcinema.my', 'CIN-2025-004', 'Foodie Bangi Screens',
  'Seksyen 15, Bandar Baru Bangi', 'Dolby|Standard|Kids Zone',
  '10:00', '22:30', 4, '03-89221177', 'F004', '201701112233'
);

INSERT INTO Cinema VALUES (
  'CIN005', 'cine.johor@fdcinema.my', 'CIN-2025-005', 'Foodie JB Cineworld',
  'Aeon Tebrau City, Johor Bahru', 'IMAX|VIP|Dolby Atmos',
  '10:00', '00:00', 5, '07-35011220', 'F005', '202102334455'
);

INSERT INTO Cinema VALUES (
  'CIN006', 'cine.kuantan@fdcinema.my', 'CIN-2025-006', 'Foodie Kuantan Theaters',
  'Jalan Tun Ismail, Kuantan', 'Recliner Seats|Dolby|3D',
  '10:00', '22:00', 3, '09-56788991', 'F006', '202203334466'
);

INSERT INTO Cinema VALUES (
  'CIN007', 'cine.ipoh@fdcinema.my', 'CIN-2025-007', 'Foodie Ipoh Cineplace',
  'Ipoh Parade, Ipoh', 'Dolby|3D|Wheelchair Access',
  '10:00', '23:00', 4, '05-25477880', 'F007', '201601889900'
);

INSERT INTO Cinema VALUES (
  'CIN008', 'cine.kuching@fdcinema.my', 'CIN-2025-008', 'Foodie Kuching Cineplex',
  'Vivacity Megamall, Kuching', 'Dolby|Recliner Seats|3D',
  '10:00', '23:30', 5, '082-2388222', 'F008', '202004556677'
);

INSERT INTO Cinema VALUES (
  'CIN009', 'cine.kk@fdcinema.my', 'CIN-2025-009', 'Foodie KK Cinezone',
  'KK Times Square, Kota Kinabalu', 'Standard|3D|Wheelchair Access',
  '10:00', '23:00', 4, '088-2211333', 'F009', '201803335577'
);

INSERT INTO Cinema VALUES (
  'CIN010', 'cine.setia@fdcinema.my', 'CIN-2025-010', 'Foodie Setia CineMax',
  'Setia City Mall, Setia Alam', 'VIP|Dolby|3D|Recliner Seats',
  '10:00', '23:00', 5, '03-33445577', 'F010', '202304556699'
);

INSERT INTO Cinema VALUES (
  'CIN011', 'pop@cine.com', 'CIN-2025-011', 'Popcorn Cinema',
  'UTP Main Block', 'Dolby|3D|Snacks',
  '10:00', '23:00', 5, '0123456789', 'F011', '201801234568'
);

INSERT INTO Cinema VALUES (
  'CIN012', 'cine.perlis@fdcinema.my', 'CIN-2025-012', 'Foodie Perlis Cinemas',
  'Kangar, Perlis', 'Standard|Wheelchair Access',
  '10:00', '22:00', 4, '04-9762211', 'F012', '201901122335'
);

INSERT INTO Cinema VALUES (
  'CIN013', 'cine.kuala@fdcinema.my', 'CIN-2025-013', 'Foodie KL Luxe',
  'Pavilion, Kuala Lumpur', 'IMAX|Dolby|VIP Lounge',
  '09:00', '00:00', 5, '03-77700100', 'F013', '202001998878'
);

INSERT INTO Cinema VALUES (
  'CIN014', 'cine.seremban@fdcinema.my', 'CIN-2025-014', 'Foodie Seremban Mega',
  'Terminal One, Seremban', '3D|Standard|Dolby Digital',
  '10:00', '23:00', 4, '06-6011990', 'F014', '201701112234'
);

INSERT INTO Cinema VALUES (
  'CIN015', 'cine.terengganu@fdcinema.my', 'CIN-2025-015', 'Foodie Terengganu Bay',
  'KTCC Mall, Kuala Terengganu', 'Laser|VIP|Recliner Seats',
  '10:00', '23:00', 4, '09-6667788', 'F015', '202102334456'
);



INSERT INTO Hall VALUES (
  'HL001', 'HALL-2025-001', 'Sapphire Hall', 'IMAX', 'Recliner Seats, Snack Bar',
  'IMAX', 'Dolby Atmos', 120, 'Auto-clean, Temp Monitor',
  'Wheelchair Access, Ramps', 'Dimmable LEDs',
  'CIN001', 'cine.subang@fdcinema.my', 'CIN-2025-001'
);

INSERT INTO Hall VALUES (
  'HL002', 'HALL-2025-002', 'Ruby Theatre', 'Standard', 'Regular Seats, Air-Conditioning',
  'Standard', 'DTS Surround', 80, 'Weekly Maintenance Check',
  'Lift Access', 'Standard Fluorescent',
  'CIN002', 'cine.penang@fdcinema.my', 'CIN-2025-002'
);

INSERT INTO Hall VALUES (
  'HL003', 'HALL-2025-003', 'Crystal Room', 'Premium', 'Recliner Seats, Snack and Drink',
  '3D', 'Dolby Digital', 100, 'UV Sanitation, Temp Monitor',
  'Wheelchair Access', 'Smart Light System',
  'CIN003', 'cine.melaka@fdcinema.my', 'CIN-2025-003'
);

INSERT INTO Hall VALUES (
  'HL004', 'HALL-2025-004', 'Emerald Studio', '4DX', 'Motion Seats, Effects (Wind and Water)',
  '4DX', 'Surround Sound', 90, 'Motion System Check',
  'Ramps, Audio Assistance', 'Adaptive Lighting',
  'CIN004', 'cine.bangi@fdcinema.my', 'CIN-2025-004'
);

INSERT INTO Hall VALUES (
  'HL005', 'HALL-2025-005', 'Topaz Mini Hall', 'Mini', 'Basic Seats, Portable Screen',
  'Standard', 'Stereo', 50, 'Motion System Check',
  'None', 'Basic Light Setup',
  'CIN005', 'cine.johor@fdcinema.my', 'CIN-2025-005'
);

INSERT INTO Hall VALUES (
  'HL006', 'HALL-2025-006', 'Diamond Dome', 'IMAX', 'Premium Seats, Lounge Area',
  'IMAX', 'Dolby Atmos', 140, 'Daily Sanitation Check',
  'Wheelchair Access, Lift', 'Led Mood Lights',
  'CIN006', 'cine.kuantan@fdcinema.my', 'CIN-2025-006'
);

INSERT INTO Hall VALUES (
  'HL007', 'HALL-2025-007', 'Onyx Chamber', '3D', 'Recliner Seats, 3D Glasses',
  '3D', 'DTS HD', 95, 'Temp Monitor, Dust Filters',
  'Ramp Access', 'Dimmable LEDs',
  'CIN007', 'cine.ipoh@fdcinema.my', 'CIN-2025-007'
);

INSERT INTO Hall VALUES (
  'HL008', 'HALL-2025-008', 'Pearl Hall', 'Premium', 'Heated Seats, VIP Lounge',
  'Laser', 'Dolby Surround', 110, 'Air Purifier, Weekly Check',
  'Lift, Visual Aid Tools', 'Ambient Light Control',
  'CIN008', 'cine.kuching@fdcinema.my', 'CIN-2025-008'
);

INSERT INTO Hall VALUES (
  'HL009', 'HALL-2025-009', 'Galaxy Arena', '4DX', 'Effects Seats, Aroma Effects',
  '4DX', 'Dolby Atmos', 130, 'Effects System Auto-check',
  'Wheelchair and Audio Support', 'Smart LED Grid',
  'CIN009', 'cine.kk@fdcinema.my', 'CIN-2025-009'
);

INSERT INTO Hall VALUES (
  'HL010', 'HALL-2025-010', 'Nova Space Hall', 'Standard', 'Standard Seats, Cold Storage Room',
  'Standard', 'DTS', 75, 'Manual Cleaning, Filter Check',
  'Ramp, Braille Signs', 'LED Spotlights',
  'CIN010', 'cine.setia@fdcinema.my', 'CIN-2025-010'
);

INSERT INTO Hall VALUES (
  'HAL011', 'HALL-2025-011', 'Main Hall', 'IMAX', 'Wheelchair Access', 
  '4K', 'Dolby Atmos', 200, 'Scheduled', 'Ramps', 'LED', 
  'CIN011', 'pop@cine.com', 'CIN-2025-011'
);

INSERT INTO Hall VALUES (
  'HAL012', 'HALL-2025-012', 'Perlis Main Hall', 'Standard', 'Standard Seats, AC',
  'Standard', 'Stereo', 80, 'Monthly Clean', 'Ramp Access', 'LED',
  'CIN012', 'cine.perlis@fdcinema.my', 'CIN-2025-012'
);

INSERT INTO Hall VALUES (
  'HAL013', 'HALL-2025-013', 'KL Premium IMAX', 'IMAX', 'Recliner, Lounge',
  'IMAX', 'Dolby Atmos', 140, 'Auto Clean', 'Wheelchair', 'Smart LED',
  'CIN013', 'cine.kuala@fdcinema.my', 'CIN-2025-013'
);

INSERT INTO Hall VALUES (
  'HAL014', 'HALL-2025-014', 'Seremban Silver Hall', '3D', 'AC, Snacks',
  '3D', 'DTS HD', 100, 'Weekly Sanitize', 'Lift Access', 'Dimmable',
  'CIN014', 'cine.seremban@fdcinema.my', 'CIN-2025-014'
);

INSERT INTO Hall VALUES (
  'HAL015', 'HALL-2025-015', 'Terengganu Elite Dome', 'Laser', 'VIP, Heating',
  'Laser', 'Dolby Digital', 120, 'Daily Clean', 'Ramps', 'Mood Lights',
  'CIN015', 'cine.terengganu@fdcinema.my', 'CIN-2025-015'
);


INSERT INTO Seat VALUES (
  'S001', 'SEAT-2025-001', 'Standard', 'Daily', 'A', '1', 'Available', 'Cup Holder', 'Straight', 'Medium',
  'CIN001', 'cine.subang@fdcinema.my', 'CIN-2025-001', 'HL001', 'HALL-2025-001'
);

INSERT INTO Seat VALUES (
  'S002', 'SEAT-2025-002', 'Recliner', 'After Each Show', 'A', '2', 'Reserved', 'Recliner, Cup Holder', 'Angled', 'Large',
  'CIN001', 'cine.subang@fdcinema.my', 'CIN-2025-001', 'HL001', 'HALL-2025-001'
);

INSERT INTO Seat VALUES (
  'S003', 'SEAT-2025-003', 'VIP', 'Daily', 'B', '1', 'Available', 'Heated, Recliner', 'Curved', 'Extra Large',
  'CIN002', 'cine.penang@fdcinema.my', 'CIN-2025-002', 'HL003', 'HALL-2025-003'
);

INSERT INTO Seat VALUES (
  'S004', 'SEAT-2025-004', 'Standard', 'Weekly', 'C', '3', 'Broken', 'Cup Holder', 'Straight', 'Medium',
  'CIN003', 'cine.melaka@fdcinema.my', 'CIN-2025-003', 'HL005', 'HALL-2025-005'
);

INSERT INTO Seat VALUES (
  'S005', 'SEAT-2025-005', 'Recliner', 'After Each Show', 'D', '4', 'Available', 'Footrest', 'Angled', 'Large',
  'CIN004', 'cine.bangi@fdcinema.my', 'CIN-2025-004', 'HL008', 'HALL-2025-008'
);

INSERT INTO Seat VALUES (
  'S006', 'SEAT-2025-006', 'Standard', 'Daily', 'E', '5', 'Reserved', 'Basic Seat', 'Straight', 'Small',
  'CIN005', 'cine.johor@fdcinema.my', 'CIN-2025-005', 'HL010', 'HALL-2025-010'
);

INSERT INTO Seat VALUES (
  'S007', 'SEAT-2025-007', 'Standard', 'Weekly', 'F', '6', 'Available', 'None', 'Straight', 'Medium',
  'CIN005', 'cine.johor@fdcinema.my', 'CIN-2025-005', 'HL010', 'HALL-2025-010'
);

INSERT INTO Seat VALUES (
  'S008', 'SEAT-2025-008', 'Premium', 'After Each Show', 'G', '7', 'Reserved', 'Recliner USB Charger', 'Curved', 'Large',
  'CIN002', 'cine.penang@fdcinema.my', 'CIN-2025-002', 'HL004', 'HALL-2025-004'
);

INSERT INTO Seat VALUES (
  'S009', 'SEAT-2025-009', 'VIP', 'Daily', 'H', '8', 'Available', 'Massage Function', 'Curved', 'Extra Large',
  'CIN003', 'cine.melaka@fdcinema.my', 'CIN-2025-003', 'HL006', 'HALL-2025-006'
);

INSERT INTO Seat VALUES (
  'S010', 'SEAT-2025-010', 'Standard', 'Weekly', 'I', '9', 'Reserved', 'Cup Holder', 'Straight', 'Medium',
  'CIN004', 'cine.bangi@fdcinema.my', 'CIN-2025-004', 'HL007', 'HALL-2025-007'
);

INSERT INTO Seat VALUES (
  'S011', 'SEAT-2025-011', 'Recliner', 'Daily', 'B', '2', 'Available',
  'Recliner, USB Port', 'Angled', 'Large',
  'CIN001', 'cine.subang@fdcinema.my', 'CIN-2025-001',
  'HL001', 'HALL-2025-001'
);

INSERT INTO Seat (
  Seat_ID, Seat_RefNum, Seat_Type, Seat_CleaningSchedule, Seat_Row, Seat_Column,
  Seat_AvailabilityStatus, Seat_Features, Seat_Layouts, Seat_Size,
  Cinema_ID, Cinema_Email, Cinema_RefNum,
  Hall_ID, Hall_RefNum
) VALUES (
  'S012', 'SEAT-2025-012', 'Premium', 'Daily', 'J', '11', 'Available',
  'Cup Holder, USB Charging', 'Curved', 'Large',
  'CIN001', 'cine.subang@fdcinema.my', 'CIN-2025-001',
  'HL001', 'HALL-2025-001'
);


INSERT INTO Movie VALUES (
  'MOV001', 'MOVIE-2025-001', 'Skyfall Return', 'English',
  'English, Malay', TO_DATE('2024-07-11', 'YYYY-MM-DD'), 'Action', 145,
  'Skyfall Return is an action movie.', 'PG13', 'James Night'
);

INSERT INTO Movie VALUES (
  'MOV002', 'MOVIE-2025-002', 'Moonlight Dance', 'Malay',
  'English', TO_DATE('2025-01-20', 'YYYY-MM-DD'), 'Romance', 120,
  'Moonlight Dance is a romance movie.', 'P13', 'Aiman Hadi'
);

INSERT INTO Movie VALUES (
  'MOV003', 'MOVIE-2025-003', 'Dragon Tale', 'Mandarin',
  'English, Malay', TO_DATE('2025-05-06', 'YYYY-MM-DD'), 'Fantasy', 150,
  'Dragon Tale is a fantasy movie.', 'U', 'Li Zhang'
);

INSERT INTO Movie VALUES (
  'MOV004', 'MOVIE-2025-004', 'Cyber Rise', 'English',
  'English', TO_DATE('2024-09-14', 'YYYY-MM-DD'), 'Sci-Fi', 170,
  'Cyber Rise is a sci-fi movie.', '18', 'Sarah Nolan'
);

INSERT INTO Movie VALUES (
  'MOV005', 'MOVIE-2025-005', 'Jungle Beat', 'Tamil',
  'English', TO_DATE('2024-12-02', 'YYYY-MM-DD'), 'Adventure', 110,
  'Jungle Beat is an adventure movie.', 'U', 'Arvind Raja'
);

INSERT INTO Movie VALUES (
  'MOV006', 'MOVIE-2025-006', 'The Silent Parade', 'Japanese',
  'English, Malay', TO_DATE('2025-03-18', 'YYYY-MM-DD'), 'Mystery', 125,
  'The Silent Parade is a mystery movie.', 'PG13', 'Hiro Tanaka'
);

INSERT INTO Movie VALUES (
  'MOV007', 'MOVIE-2025-007', 'Robo School', 'English',
  'Malay', TO_DATE('2025-06-22', 'YYYY-MM-DD'), 'Comedy', 95,
  'Robo School is a comedy movie.', 'U', 'Michael Berry'
);

INSERT INTO Movie VALUES (
  'MOV008', 'MOVIE-2025-008', 'Heart in the Rain', 'Korean',
  'English', TO_DATE('2024-10-05', 'YYYY-MM-DD'), 'Drama', 135,
  'Heart in the Rain is a drama movie.', 'P13', 'Kim Seojin'
);

INSERT INTO Movie VALUES (
  'MOV009', 'MOVIE-2025-009', 'Whisper of the Depth', 'Thai',
  'English, Malay', TO_DATE('2025-02-28', 'YYYY-MM-DD'), 'Horror', 102,
  'Whisper of the Depth is a horror movie.', '18', 'Ploy Rattana'
);

INSERT INTO Movie VALUES (
  'MOV010', 'MOVIE-2025-010', 'Galactic Express', 'English',
  'English, Chinese', TO_DATE('2025-08-15', 'YYYY-MM-DD'), 'Sci-Fi', 160,
  'Galactic Express is a sci-fi movie.', 'PG13', 'Nolan Pierce'
);


INSERT INTO Product VALUES ('P001', 'YES', 15.00, 'CIN001', 'cine.subang@fdcinema.my', 'CIN-2025-001');
INSERT INTO Product VALUES ('P002', 'YES', 12.00, 'CIN001', 'cine.subang@fdcinema.my', 'CIN-2025-001');
INSERT INTO Product VALUES ('P003', 'YES', 10.00, 'CIN002', 'cine.penang@fdcinema.my', 'CIN-2025-002');
INSERT INTO Product VALUES ('P004', 'NO',  5.00, 'CIN002', 'cine.penang@fdcinema.my', 'CIN-2025-002');
INSERT INTO Product VALUES ('P005', 'YES',  8.00, 'CIN003', 'cine.melaka@fdcinema.my', 'CIN-2025-003');
INSERT INTO Product VALUES ('P006', 'YES',  6.00, 'CIN003', 'cine.melaka@fdcinema.my', 'CIN-2025-003');
INSERT INTO Product VALUES ('P007', 'YES', 15.00, 'CIN004', 'cine.bangi@fdcinema.my', 'CIN-2025-004');
INSERT INTO Product VALUES ('P008', 'YES', 10.00, 'CIN004', 'cine.bangi@fdcinema.my', 'CIN-2025-004');
INSERT INTO Product VALUES ('P009', 'NO',  5.00, 'CIN005', 'cine.johor@fdcinema.my', 'CIN-2025-005');
INSERT INTO Product VALUES ('P010', 'YES',  6.50, 'CIN005', 'cine.johor@fdcinema.my', 'CIN-2025-005');
INSERT INTO Product VALUES ('P011', 'YES',  4.50, 'CIN006', 'cine.kuantan@fdcinema.my', 'CIN-2025-006');
INSERT INTO Product VALUES ('P012', 'YES',  2.50, 'CIN006', 'cine.kuantan@fdcinema.my', 'CIN-2025-006');
INSERT INTO Product VALUES ('P013', 'YES',  4.80, 'CIN006', 'cine.kuantan@fdcinema.my', 'CIN-2025-006');
INSERT INTO Product VALUES ('P014', 'YES',  3.50, 'CIN007', 'cine.ipoh@fdcinema.my', 'CIN-2025-007');
INSERT INTO Product VALUES ('P015', 'NO',  5.20, 'CIN007', 'cine.ipoh@fdcinema.my', 'CIN-2025-007');
INSERT INTO Product VALUES ('P016', 'YES',  6.00, 'CIN008', 'cine.kuching@fdcinema.my', 'CIN-2025-008');
INSERT INTO Product VALUES ('P017', 'YES',  6.50, 'CIN008', 'cine.kuching@fdcinema.my', 'CIN-2025-008');
INSERT INTO Product VALUES ('P018', 'YES',  5.80, 'CIN008', 'cine.kuching@fdcinema.my', 'CIN-2025-008');
INSERT INTO Product VALUES ('P019', 'YES',  3.00, 'CIN009', 'cine.kk@fdcinema.my', 'CIN-2025-009');
INSERT INTO Product VALUES ('P020', 'YES',  6.00, 'CIN009', 'cine.kk@fdcinema.my', 'CIN-2025-009');
INSERT INTO Product VALUES ('P021', 'YES',  8.00, 'CIN010', 'cine.setia@fdcinema.my', 'CIN-2025-010');
INSERT INTO Product VALUES ('P022', 'NO', 12.00, 'CIN010', 'cine.setia@fdcinema.my', 'CIN-2025-010');
INSERT INTO Product VALUES ('P023', 'YES', 15.00, 'CIN002', 'cine.penang@fdcinema.my', 'CIN-2025-002');
INSERT INTO Product VALUES ('P024', 'YES', 10.00, 'CIN004', 'cine.bangi@fdcinema.my', 'CIN-2025-004');
INSERT INTO Product VALUES ('P025', 'YES',  4.00, 'CIN005', 'cine.johor@fdcinema.my', 'CIN-2025-005');
INSERT INTO Product VALUES ('P026', 'YES',  5.50, 'CIN001', 'cine.subang@fdcinema.my', 'CIN-2025-001');
INSERT INTO Product VALUES ('P027', 'YES', 11.00, 'CIN002', 'cine.penang@fdcinema.my', 'CIN-2025-002');
INSERT INTO Product VALUES ('P028', 'NO', 13.50, 'CIN003', 'cine.melaka@fdcinema.my', 'CIN-2025-003');
INSERT INTO Product VALUES ('P029', 'YES',  9.00, 'CIN007', 'cine.ipoh@fdcinema.my', 'CIN-2025-007');
INSERT INTO Product VALUES ('P030', 'YES', 14.00, 'CIN010', 'cine.setia@fdcinema.my', 'CIN-2025-010');
INSERT INTO Product VALUES ('P031', 'YES', 18.00, 'CIN001', 'cine.subang@fdcinema.my', 'CIN-2025-001');


INSERT INTO Food (
  Food_ID,
  Food_RefNum,
  Food_Type,
  Food_Cost,
  Food_Size,
  Food_Calories,
  Food_Ingredients,
  Food_Stock_Quantity,
  Food_Allergy_Info,
  Food_Promo_Eligibility,
  Food_Picture,
  Product_ID
) VALUES (
  'FD001', 'FOOD-2025-001', 'Snack', 4.50, 'Regular', 250, 'Corn, Salt, Palm Oil', 120, 'None', 'YES', 'popcorn_regular.jpg', 'P001'
);

INSERT INTO Food VALUES (
  'FD002', 'FOOD-2025-002', 'Beverage', 5.00, 'Large', 180, 'Soda, Sugar, Carbonated Water', 100, 'None', 'YES', 'coke_large.jpg', 'P002'
);

INSERT INTO Food VALUES (
  'FD003', 'FOOD-2025-003', 'Combo', 12.90, 'Large', 700, 'Chicken, Bun, Fries, Oil', 60, 'Gluten', 'NO', 'combo_set1.jpg', 'P003'
);

INSERT INTO Food VALUES (
  'FD004', 'FOOD-2025-004', 'Dessert', 6.00, 'Regular', 320, 'Milk, Sugar, Cream', 80, 'Dairy', 'YES', 'icecream_cup.jpg', 'P004'
);

INSERT INTO Food VALUES (
  'FD005', 'FOOD-2025-005', 'Snack', 3.50, 'Small', 150, 'Potato, Oil, Salt', 130, 'None', 'YES', 'fries_small.jpg', 'P005'
);

INSERT INTO Food VALUES (
  'FD006', 'FOOD-2025-006', 'Beverage', 4.80, 'Regular', 100, 'Tea, Sugar, Milk', 90, 'Dairy', 'NO', 'milk_tea.jpg', 'P006'
);

INSERT INTO Food VALUES (
  'FD007', 'FOOD-2025-007', 'Combo', 15.00, 'Large', 850, 'Burger, Fries, Soda', 50, 'Gluten, Dairy', 'YES', 'combo_meal_2.jpg', 'P007'
);

INSERT INTO Food VALUES (
  'FD008', 'FOOD-2025-008', 'Meal', 10.00, 'Regular', 600, 'Rice, Chicken, Vegetables', 70, 'None', 'NO', 'nasi_lemak.jpg', 'P008'
);

INSERT INTO Food VALUES (
  'FD009', 'FOOD-2025-009', 'Dessert', 5.50, 'Small', 280, 'Chocolate, Cream, Eggs', 60, 'Nuts, Dairy', 'YES', 'choco_muffin.jpg', 'P009'
);

INSERT INTO Food VALUES (
  'FD010', 'FOOD-2025-010', 'Beverage', 6.20, 'Large', 160, 'Juice, Mango, Ice', 85, 'None', 'YES', 'mango_juice.jpg', 'P010'
);


INSERT INTO Drink (
    Drinks_ID,
    Drinks_RefNum,
    Drinks_Type,
    Drinks_Cost,
    Drinks_Size,
    Drinks_Sugar_Content,
    Drinks_Temperature,
    Drinks_Stock_Quantity,
    Drinks_Picture,
    Drinks_Promo_Eligibility,
    Drinks_Popular_Rating,
    Product_ID
) VALUES (
    'DR001', 'DRINK-2025-001', 'Soda', 5.00, 'Large', '10g', 'Cold', 120, 'coke_large.jpg', 'YES', 5, 'P011'
);

INSERT INTO Drink VALUES (
    'DR002', 'DRINK-2025-002', 'Mineral Water', 2.50, 'Regular', '0g', 'Cold', 200, 'mineral_water.jpg', 'NO', 4, 'P012'
);

INSERT INTO Drink VALUES (
    'DR003', 'DRINK-2025-003', 'Iced Lemon Tea', 4.80, 'Regular', '8g', 'Cold', 150, 'iced_lemon_tea.jpg', 'YES', 4, 'P013'
);

INSERT INTO Drink VALUES (
    'DR004', 'DRINK-2025-004', 'Black Coffee', 3.50, 'Small', '0g', 'Hot', 95, 'black_coffee.jpg', 'YES', 5, 'P014'
);

INSERT INTO Drink VALUES (
    'DR005', 'DRINK-2025-005', 'Milk Tea', 5.20, 'Large', '15g', 'Cold', 80, 'milk_tea_large.jpg', 'NO', 3, 'P015'
);

INSERT INTO Drink VALUES (
    'DR006', 'DRINK-2025-006', 'Orange Juice', 6.00, 'Regular', '12g', 'Cold', 90, 'orange_juice.jpg', 'YES', 4, 'P016'
);

INSERT INTO Drink VALUES (
    'DR007', 'DRINK-2025-007', 'Matcha Latte', 6.50, 'Large', '10g', 'Hot', 70, 'matcha_latte.jpg', 'NO', 5, 'P017'
);

INSERT INTO Drink VALUES (
    'DR008', 'DRINK-2025-008', 'Iced Chocolate', 5.80, 'Large', '18g', 'Cold', 65, 'iced_chocolate.jpg', 'YES', 4, 'P018'
);

INSERT INTO Drink VALUES (
    'DR009', 'DRINK-2025-009', 'Espresso', 3.00, 'Small', '0g', 'Hot', 60, 'espresso.jpg', 'NO', 4, 'P019'
);

INSERT INTO Drink VALUES (
    'DR010', 'DRINK-2025-010', 'Apple Juice', 6.00, 'Regular', '11g', 'Cold', 100, 'apple_juice.jpg', 'YES', 5, 'P020'
);


INSERT INTO Ticket (
    Ticket_ID,
    Ticket_Booking_RefNum,
    Ticket_Type,
    Ticket_Cost,
    Ticket_Status,
    Ticket_Refund_Policy,
    Ticket_Holder_Name,
    Ticket_Print_Option,
    Ticket_Validation,
    Ticket_Expiration_Date,
    Hall_ID,
    Hall_RefNum,
    Movie_ID,
    Movie_RefNum,
    Product_ID
) VALUES (
    'T001', 'BOOK-2025-001', 'Adult', 15.00, 'Booked', 'Refundable', 'Adam Lim',
    'E-ticket', 'QR', TO_DATE('2025-07-15', 'YYYY-MM-DD'),
    'HL001', 'HALL-2025-001', 'MOV001', 'MOVIE-2025-001', 'P021'
);

INSERT INTO Ticket VALUES (
    'T002', 'BOOK-2025-002', 'Student', 12.00, 'Checked-in', 'Non-refundable', 'Alicia Tan',
    'Printed', 'Manual', TO_DATE('2025-07-14', 'YYYY-MM-DD'),
    'HL002', 'HALL-2025-002', 'MOV002', 'MOVIE-2025-002', 'P022'
);

INSERT INTO Ticket VALUES (
    'T003', 'BOOK-2025-003', 'Senior', 10.00, 'Booked', 'Refundable', 'Raj Kumar',
    'E-ticket', 'QR', TO_DATE('2025-07-20', 'YYYY-MM-DD'),
    'HL003', 'HALL-2025-003', 'MOV003', 'MOVIE-2025-003', 'P023'
);

INSERT INTO Ticket VALUES (
    'T004', 'BOOK-2025-004', 'Child', 8.00, 'Cancelled', 'Refundable', 'Mei Wong',
    'Printed', 'Manual', TO_DATE('2025-07-12', 'YYYY-MM-DD'),
    'HL001', 'HALL-2025-001', 'MOV001', 'MOVIE-2025-001', 'P024'
);

INSERT INTO Ticket VALUES (
    'T005', 'BOOK-2025-005', 'Adult', 15.00, 'Checked-in', 'Non-refundable', 'Jack Tan',
    'E-ticket', 'QR', TO_DATE('2025-07-10', 'YYYY-MM-DD'),
    'HL002', 'HALL-2025-002', 'MOV004', 'MOVIE-2025-004', 'P025'
);

INSERT INTO Ticket VALUES (
    'T006', 'BOOK-2025-006', 'Student', 12.00, 'Booked', 'Refundable', 'Syafiq Ismail',
    'Printed', 'Manual', TO_DATE('2025-07-18', 'YYYY-MM-DD'),
    'HL004', 'HALL-2025-004', 'MOV002', 'MOVIE-2025-002', 'P026'
);

INSERT INTO Ticket VALUES (
    'T007', 'BOOK-2025-007', 'Adult', 15.00, 'Booked', 'Non-refundable', 'Priya Nair',
    'E-ticket', 'QR', TO_DATE('2025-07-16', 'YYYY-MM-DD'),
    'HL001', 'HALL-2025-001', 'MOV005', 'MOVIE-2025-005', 'P027'
);

INSERT INTO Ticket VALUES (
    'T008', 'BOOK-2025-008', 'Senior', 10.00, 'Checked-in', 'Refundable', 'Siew Ying Chan',
    'Printed', 'Manual', TO_DATE('2025-07-13', 'YYYY-MM-DD'),
    'HL003', 'HALL-2025-003', 'MOV001', 'MOVIE-2025-001', 'P028'
);

INSERT INTO Ticket VALUES (
    'T009', 'BOOK-2025-009', 'Adult', 15.00, 'Booked', 'Non-refundable', 'Harvinder Singh',
    'E-ticket', 'QR', TO_DATE('2025-07-19', 'YYYY-MM-DD'),
    'HL005', 'HALL-2025-005', 'MOV006', 'MOVIE-2025-006', 'P029'
);

INSERT INTO Ticket VALUES (
    'T010', 'BOOK-2025-010', 'Child', 8.00, 'Booked', 'Refundable', 'Zara Ahmad',
    'Printed', 'Manual', TO_DATE('2025-07-17', 'YYYY-MM-DD'),
    'HL002', 'HALL-2025-002', 'MOV004', 'MOVIE-2025-004', 'P030'
);



INSERT INTO Payslip VALUES (
    'PAY001', 'PAY-SLIP-001', '162800000001', 'Paid', 2400.00,
    TO_TIMESTAMP('09:00', 'HH24:MI'), TO_TIMESTAMP('10:00', 'HH24:MI'),
    TO_DATE('2025-03-01', 'YYYY-MM-DD'), 2600.00, 200.00,
    'CIN001', 'cine.subang@fdcinema.my', 'CIN-2025-001'
);

INSERT INTO Payslip VALUES (
    'PAY002', 'PAY-SLIP-002', '162800000002', 'Paid', 1850.00,
    TO_TIMESTAMP('08:45', 'HH24:MI'), TO_TIMESTAMP('09:30', 'HH24:MI'),
    TO_DATE('2025-03-01', 'YYYY-MM-DD'), 2025.00, 175.00,
    'CIN002', 'cine.penang@fdcinema.my', 'CIN-2025-002'
);

INSERT INTO Payslip VALUES (
    'PAY003', 'PAY-SLIP-003', '162800000003', 'Paid', 2900.00,
    TO_TIMESTAMP('10:00', 'HH24:MI'), TO_TIMESTAMP('11:00', 'HH24:MI'),
    TO_DATE('2025-03-01', 'YYYY-MM-DD'), 3100.00, 200.00,
    'CIN003', 'cine.melaka@fdcinema.my', 'CIN-2025-003'
);

INSERT INTO Payslip VALUES (
    'PAY004', 'PAY-SLIP-004', '162800000004', 'Paid', 2200.00,
    TO_TIMESTAMP('09:15', 'HH24:MI'), TO_TIMESTAMP('09:45', 'HH24:MI'),
    TO_DATE('2025-03-01', 'YYYY-MM-DD'), 2400.00, 200.00,
    'CIN004', 'cine.bangi@fdcinema.my', 'CIN-2025-004'
);

INSERT INTO Payslip VALUES (
    'PAY005', 'PAY-SLIP-005', '162800000005', 'Paid', 2700.00,
    TO_TIMESTAMP('08:30', 'HH24:MI'), TO_TIMESTAMP('09:00', 'HH24:MI'),
    TO_DATE('2025-03-01', 'YYYY-MM-DD'), 2950.00, 250.00,
    'CIN005', 'cine.johor@fdcinema.my', 'CIN-2025-005'
);

INSERT INTO Payslip VALUES (
    'PAY006', 'PAY-SLIP-006', '162800000006', 'Paid', 2100.00,
    TO_TIMESTAMP('09:00', 'HH24:MI'), TO_TIMESTAMP('10:00', 'HH24:MI'),
    TO_DATE('2025-03-01', 'YYYY-MM-DD'), 2300.00, 200.00,
    'CIN001', 'cine.subang@fdcinema.my', 'CIN-2025-001'
);

INSERT INTO Payslip VALUES (
    'PAY007', 'PAY-SLIP-007', '162800000007', 'Paid', 1750.00,
    TO_TIMESTAMP('08:50', 'HH24:MI'), TO_TIMESTAMP('09:20', 'HH24:MI'),
    TO_DATE('2025-03-01', 'YYYY-MM-DD'), 1950.00, 200.00,
    'CIN002', 'cine.penang@fdcinema.my', 'CIN-2025-002'
);

INSERT INTO Payslip VALUES (
    'PAY008', 'PAY-SLIP-008', '162800000008', 'Paid', 3000.00,
    TO_TIMESTAMP('10:30', 'HH24:MI'), TO_TIMESTAMP('11:30', 'HH24:MI'),
    TO_DATE('2025-03-01', 'YYYY-MM-DD'), 3200.00, 200.00,
    'CIN003', 'cine.melaka@fdcinema.my', 'CIN-2025-003'
);

INSERT INTO Payslip VALUES (
    'PAY009', 'PAY-SLIP-009', '162800000009', 'Paid', 2600.00,
    TO_TIMESTAMP('09:10', 'HH24:MI'), TO_TIMESTAMP('09:50', 'HH24:MI'),
    TO_DATE('2025-03-01', 'YYYY-MM-DD'), 2800.00, 200.00,
    'CIN004', 'cine.bangi@fdcinema.my', 'CIN-2025-004'
);

INSERT INTO Payslip VALUES (
    'PAY010', 'PAY-SLIP-010', '162800000010', 'Paid', 1900.00,
    TO_TIMESTAMP('08:40', 'HH24:MI'), TO_TIMESTAMP('09:10', 'HH24:MI'),
    TO_DATE('2025-03-01', 'YYYY-MM-DD'), 2100.00, 200.00,
    'CIN005', 'cine.johor@fdcinema.my', 'CIN-2025-005'
);

INSERT INTO Payslip VALUES (
    'PAY011', 'PAY-SLIP-011', '1122334456', 'Paid', 3100.00,
    CURRENT_TIMESTAMP, CURRENT_TIMESTAMP,
    DATE '2025-03-11', 3600.00, 500.00,
    'CIN011', 'pop@cine.com', 'CIN-2025-011'
);

INSERT INTO Payslip VALUES (
    'PAY012', 'PAY-SLIP-012', '1122334457', 'Paid', 2900.00,
    CURRENT_TIMESTAMP, CURRENT_TIMESTAMP,
    DATE '2025-03-12', 3000.00, 100.00,
    'CIN012', 'cine.perlis@fdcinema.my', 'CIN-2025-012'
);

INSERT INTO Payslip VALUES (
    'PAY013', 'PAY-SLIP-013', '2233445567', 'Paid', 3200.00,
    CURRENT_TIMESTAMP, CURRENT_TIMESTAMP,
    DATE '2025-03-13', 3400.00, 200.00,
    'CIN013', 'cine.kuala@fdcinema.my', 'CIN-2025-013'
);

INSERT INTO Payslip VALUES (
    'PAY014', 'PAY-SLIP-014', '3344556678', 'Paid', 2700.00,
    CURRENT_TIMESTAMP, CURRENT_TIMESTAMP,
    DATE '2025-03-14', 2800.00, 100.00,
    'CIN014', 'cine.seremban@fdcinema.my', 'CIN-2025-014'
);

INSERT INTO Payslip VALUES (
    'PAY015', 'PAY-SLIP-015', '4455667789', 'Paid', 3100.00,
    CURRENT_TIMESTAMP, CURRENT_TIMESTAMP,
    DATE '2025-03-15', 3300.00, 200.00,
    'CIN015', 'cine.terengganu@fdcinema.my', 'CIN-2025-015'
);

-- Attendance Records (All Individual Inserts)
INSERT INTO Attendance VALUES (
    'AID001', 'ATT-2025-001', 'Morning', 'Present',
    TO_DATE('2025-03-01', 'YYYY-MM-DD'),
    TO_TIMESTAMP('08:00', 'HH24:MI'),
    TO_TIMESTAMP('16:00', 'HH24:MI'),
    NULL, 8, 2,
    'CIN001', 'cine.subang@fdcinema.my', 'CIN-2025-001',
    'PAY001', 'PAY-SLIP-001'
);

INSERT INTO Attendance VALUES (
    'AID002', 'ATT-2025-002', 'Evening', 'Absent',
    TO_DATE('2025-03-02', 'YYYY-MM-DD'),
    NULL, NULL,
    'Medical', 0, 0,
    'CIN002', 'cine.penang@fdcinema.my', 'CIN-2025-002',
    'PAY002', 'PAY-SLIP-002'
);

INSERT INTO Attendance VALUES (
    'AID003', 'ATT-2025-003', 'Night', 'Present',
    TO_DATE('2025-03-03', 'YYYY-MM-DD'),
    TO_TIMESTAMP('22:00', 'HH24:MI'),
    TO_TIMESTAMP('06:00', 'HH24:MI'),
    NULL, 8, 1,
    'CIN003', 'cine.melaka@fdcinema.my', 'CIN-2025-003',
    'PAY003', 'PAY-SLIP-003'
);

INSERT INTO Attendance VALUES (
    'AID004', 'ATT-2025-004', 'Morning', 'Present',
    TO_DATE('2025-03-04', 'YYYY-MM-DD'),
    TO_TIMESTAMP('08:00', 'HH24:MI'),
    TO_TIMESTAMP('16:00', 'HH24:MI'),
    NULL, 8, 0,
    'CIN004', 'cine.bangi@fdcinema.my', 'CIN-2025-004',
    'PAY004', 'PAY-SLIP-004'
);

INSERT INTO Attendance VALUES (
    'AID005', 'ATT-2025-005', 'Evening', 'Absent',
    TO_DATE('2025-03-05', 'YYYY-MM-DD'),
    NULL, NULL,
    'Emergency', 0, 0,
    'CIN005', 'cine.johor@fdcinema.my', 'CIN-2025-005',
    'PAY005', 'PAY-SLIP-005'
);

INSERT INTO Attendance VALUES (
    'AID006', 'ATT-2025-006', 'Morning', 'Present',
    TO_DATE('2025-03-06', 'YYYY-MM-DD'),
    TO_TIMESTAMP('08:00', 'HH24:MI'),
    TO_TIMESTAMP('16:00', 'HH24:MI'),
    NULL, 8, 1,
    'CIN001', 'cine.subang@fdcinema.my', 'CIN-2025-001',
    'PAY006', 'PAY-SLIP-006'
);

INSERT INTO Attendance VALUES (
    'AID007', 'ATT-2025-007', 'Night', 'Present',
    TO_DATE('2025-03-07', 'YYYY-MM-DD'),
    TO_TIMESTAMP('22:00', 'HH24:MI'),
    TO_TIMESTAMP('06:00', 'HH24:MI'),
    NULL, 8, 0,
    'CIN002', 'cine.penang@fdcinema.my', 'CIN-2025-002',
    'PAY007', 'PAY-SLIP-007'
);

INSERT INTO Attendance VALUES (
    'AID008', 'ATT-2025-008', 'Morning', 'Absent',
    TO_DATE('2025-03-08', 'YYYY-MM-DD'),
    NULL, NULL,
    'Sick Leave', 0, 0,
    'CIN003', 'cine.melaka@fdcinema.my', 'CIN-2025-003',
    'PAY008', 'PAY-SLIP-008'
);

INSERT INTO Attendance VALUES (
    'AID009', 'ATT-2025-009', 'Evening', 'Present',
    TO_DATE('2025-03-09', 'YYYY-MM-DD'),
    TO_TIMESTAMP('14:00', 'HH24:MI'),
    TO_TIMESTAMP('22:00', 'HH24:MI'),
    NULL, 8, 1,
    'CIN004', 'cine.bangi@fdcinema.my', 'CIN-2025-004',
    'PAY009', 'PAY-SLIP-009'
);

INSERT INTO Attendance VALUES (
    'AID010', 'ATT-2025-010', 'Morning', 'Present',
    TO_DATE('2025-03-10', 'YYYY-MM-DD'),
    TO_TIMESTAMP('08:00', 'HH24:MI'),
    TO_TIMESTAMP('16:00', 'HH24:MI'),
    NULL, 8, 2,
    'CIN005', 'cine.johor@fdcinema.my', 'CIN-2025-005',
    'PAY010', 'PAY-SLIP-010'
);

INSERT INTO Attendance VALUES (
    'AID011', 'ATT-2025-011', 'Morning', 'Present',
    TO_DATE('2025-03-11', 'YYYY-MM-DD'),
    TO_TIMESTAMP('08:00:00', 'HH24:MI:SS'),
    TO_TIMESTAMP('16:00:00', 'HH24:MI:SS'),
    NULL, 8, 2,
    'CIN011', 'pop@cine.com', 'CIN-2025-011',
    'PAY011', 'PAY-SLIP-011'
);

INSERT INTO Attendance VALUES (
    'AID012', 'ATT-2025-012', 'Morning', 'Present',
    TO_DATE('2025-03-12', 'YYYY-MM-DD'),
    TO_TIMESTAMP('08:00:00', 'HH24:MI:SS'),
    TO_TIMESTAMP('16:00:00', 'HH24:MI:SS'),
    NULL, 8, 1,
    'CIN012', 'cine.perlis@fdcinema.my', 'CIN-2025-012',
    'PAY012', 'PAY-SLIP-012'
);

INSERT INTO Attendance VALUES (
    'AID013', 'ATT-2025-013', 'Evening', 'Present',
    TO_DATE('2025-03-13', 'YYYY-MM-DD'),
    TO_TIMESTAMP('14:00:00', 'HH24:MI:SS'),
    TO_TIMESTAMP('22:00:00', 'HH24:MI:SS'),
    NULL, 8, 1,
    'CIN013', 'cine.kuala@fdcinema.my', 'CIN-2025-013',
    'PAY013', 'PAY-SLIP-013'
);

INSERT INTO Attendance VALUES (
    'AID014', 'ATT-2025-014', 'Morning', 'Present',
    TO_DATE('2025-03-14', 'YYYY-MM-DD'),
    TO_TIMESTAMP('08:00:00', 'HH24:MI:SS'),
    TO_TIMESTAMP('16:00:00', 'HH24:MI:SS'),
    NULL, 8, 0,
    'CIN014', 'cine.seremban@fdcinema.my', 'CIN-2025-014',
    'PAY014', 'PAY-SLIP-014'
);

INSERT INTO Attendance VALUES (
    'AID015', 'ATT-2025-015', 'Night', 'Present',
    TO_DATE('2025-03-15', 'YYYY-MM-DD'),
    TO_TIMESTAMP('22:00:00', 'HH24:MI:SS'),
    TO_TIMESTAMP('06:00:00', 'HH24:MI:SS'),
    NULL, 8, 2,
    'CIN015', 'cine.terengganu@fdcinema.my', 'CIN-2025-015',
    'PAY015', 'PAY-SLIP-015'
);


INSERT INTO Leave (
    Leave_ID, Leave_Code, Leave_Reason, Leave_Approval,
    Leave_StartDate, Leave_StartTime, Leave_Hours,
    Leave_EndDate, Leave_EndTime, Leave_Balance,
    Cinema_ID, Cinema_Email, Cinema_RefNum,
    Payslip_ID, Payslip_Code
) VALUES (
    'LID001', 'LV-2025-001', 'Medical', 'APPROVED',
    DATE '2025-03-03', TO_TIMESTAMP('09:00', 'HH24:MI'), 8,
    DATE '2025-03-03', TO_TIMESTAMP('17:00', 'HH24:MI'), 16,
    'CIN001', 'cine.subang@fdcinema.my', 'CIN-2025-001',
    'PAY001', 'PAY-SLIP-001'
);

INSERT INTO Leave VALUES (
    'LID002', 'LV-2025-002', 'Family', 'PENDING',
    DATE '2025-03-05', TO_TIMESTAMP('08:00', 'HH24:MI'), 8,
    DATE '2025-03-05', TO_TIMESTAMP('16:00', 'HH24:MI'), 14,
    'CIN002', 'cine.penang@fdcinema.my', 'CIN-2025-002',
    'PAY002', 'PAY-SLIP-002'
);

INSERT INTO Leave VALUES (
    'LID003', 'LV-2025-003', 'Personal', 'APPROVED',
    DATE '2025-03-07', TO_TIMESTAMP('09:30', 'HH24:MI'), 4,
    DATE '2025-03-07', TO_TIMESTAMP('13:30', 'HH24:MI'), 12,
    'CIN003', 'cine.melaka@fdcinema.my', 'CIN-2025-003',
    'PAY003', 'PAY-SLIP-003'
);

INSERT INTO Leave VALUES (
    'LID004', 'LV-2025-004', 'Emergency', 'APPROVED',
    DATE '2025-03-08', TO_TIMESTAMP('10:00', 'HH24:MI'), 6,
    DATE '2025-03-08', TO_TIMESTAMP('16:00', 'HH24:MI'), 10,
    'CIN004', 'cine.bangi@fdcinema.my', 'CIN-2025-004',
    'PAY004', 'PAY-SLIP-004'
);

INSERT INTO Leave VALUES (
    'LID005', 'LV-2025-005', 'Sick', 'APPROVED',
    DATE '2025-03-10', TO_TIMESTAMP('08:30', 'HH24:MI'), 8,
    DATE '2025-03-10', TO_TIMESTAMP('16:30', 'HH24:MI'), 8,
    'CIN005', 'cine.johor@fdcinema.my', 'CIN-2025-005',
    'PAY005', 'PAY-SLIP-005'
);

INSERT INTO Leave VALUES (
    'LID006', 'LV-2025-006', 'Family', 'REJECTED',
    DATE '2025-03-12', TO_TIMESTAMP('09:00', 'HH24:MI'), 8,
    DATE '2025-03-12', TO_TIMESTAMP('17:00', 'HH24:MI'), 8,
    'CIN001', 'cine.subang@fdcinema.my', 'CIN-2025-001',
    'PAY006', 'PAY-SLIP-006'
);

INSERT INTO Leave VALUES (
    'LID007', 'LV-2025-007', 'Vacation', 'PENDING',
    DATE '2025-03-13', TO_TIMESTAMP('10:00', 'HH24:MI'), 6,
    DATE '2025-03-13', TO_TIMESTAMP('16:00', 'HH24:MI'), 6,
    'CIN002', 'cine.penang@fdcinema.my', 'CIN-2025-002',
    'PAY007', 'PAY-SLIP-007'
);

INSERT INTO Leave VALUES (
    'LID008', 'LV-2025-008', 'Emergency', 'APPROVED',
    DATE '2025-03-15', TO_TIMESTAMP('08:00', 'HH24:MI'), 8,
    DATE '2025-03-15', TO_TIMESTAMP('16:00', 'HH24:MI'), 4,
    'CIN003', 'cine.melaka@fdcinema.my', 'CIN-2025-003',
    'PAY008', 'PAY-SLIP-008'
);

INSERT INTO Leave VALUES (
    'LID009', 'LV-2025-009', 'Personal', 'APPROVED',
    DATE '2025-03-17', TO_TIMESTAMP('09:30', 'HH24:MI'), 4,
    DATE '2025-03-17', TO_TIMESTAMP('13:30', 'HH24:MI'), 4,
    'CIN004', 'cine.bangi@fdcinema.my', 'CIN-2025-004',
    'PAY009', 'PAY-SLIP-009'
);

INSERT INTO Leave VALUES (
    'LID010', 'LV-2025-010', 'Sick', 'APPROVED',
    DATE '2025-03-18', TO_TIMESTAMP('08:00', 'HH24:MI'), 8,
    DATE '2025-03-18', TO_TIMESTAMP('16:00', 'HH24:MI'), 0,
    'CIN005', 'cine.johor@fdcinema.my', 'CIN-2025-005',
    'PAY010', 'PAY-SLIP-010'
);


INSERT INTO Shift (
  Shift_ID, Shift_Code, Shift_Role, Shift_Start_Date, Shift_End_Date, Shift_Description,
  Shift_Start_Time, Shift_End_Time, Shift_Duration_Hours, Shift_Pay_Per_Hour,
  Cinema_ID, Cinema_Email, Cinema_RefNum
) VALUES (
  'SHF001', 'SHIFT-2025-001', 'Cashier', DATE '2025-03-01', DATE '2025-03-01', 'Handles ticket sales',
  TO_TIMESTAMP('08:00', 'HH24:MI'), TO_TIMESTAMP('16:00', 'HH24:MI'), 8, 10.00,
  'CIN001', 'cine.subang@fdcinema.my', 'CIN-2025-001'
);

INSERT INTO Shift VALUES (
  'SHF002', 'SHIFT-2025-002', 'Cleaner', DATE '2025-03-01', DATE '2025-03-01', 'Cleans halls after show',
  TO_TIMESTAMP('16:00', 'HH24:MI'), TO_TIMESTAMP('00:00', 'HH24:MI'), 8, 9.00,
  'CIN002', 'cine.penang@fdcinema.my', 'CIN-2025-002'
);

INSERT INTO Shift VALUES (
  'SHF003', 'SHIFT-2025-003', 'Security', DATE '2025-03-01', DATE '2025-03-01', 'Monitors entrance',
  TO_TIMESTAMP('22:00', 'HH24:MI'), TO_TIMESTAMP('06:00', 'HH24:MI'), 8, 11.00,
  'CIN003', 'cine.melaka@fdcinema.my', 'CIN-2025-003'
);

INSERT INTO Shift VALUES (
  'SHF004', 'SHIFT-2025-004', 'Technician', DATE '2025-03-01', DATE '2025-03-01', 'Manages AV systems',
  TO_TIMESTAMP('09:00', 'HH24:MI'), TO_TIMESTAMP('17:00', 'HH24:MI'), 8, 12.00,
  'CIN004', 'cine.bangi@fdcinema.my', 'CIN-2025-004'
);

INSERT INTO Shift VALUES (
  'SHF005', 'SHIFT-2025-005', 'Ticket Checker', DATE '2025-03-01', DATE '2025-03-01', 'Checks tickets',
  TO_TIMESTAMP('13:00', 'HH24:MI'), TO_TIMESTAMP('21:00', 'HH24:MI'), 8, 9.50,
  'CIN005', 'cine.johor@fdcinema.my', 'CIN-2025-005'
);

INSERT INTO Shift VALUES (
  'SHF006', 'SHIFT-2025-006', 'Supervisor', DATE '2025-03-02', DATE '2025-03-02', 'Oversees operations',
  TO_TIMESTAMP('08:00', 'HH24:MI'), TO_TIMESTAMP('16:00', 'HH24:MI'), 8, 15.00,
  'CIN001', 'cine.subang@fdcinema.my', 'CIN-2025-001'
);

INSERT INTO Shift VALUES (
  'SHF007', 'SHIFT-2025-007', 'Barista', DATE '2025-03-02', DATE '2025-03-02', 'Operates cinema café',
  TO_TIMESTAMP('10:00', 'HH24:MI'), TO_TIMESTAMP('18:00', 'HH24:MI'), 8, 10.00,
  'CIN002', 'cine.penang@fdcinema.my', 'CIN-2025-002'
);

INSERT INTO Shift VALUES (
  'SHF008', 'SHIFT-2025-008', 'Customer Care', DATE '2025-03-02', DATE '2025-03-02', 'Handles complaints',
  TO_TIMESTAMP('12:00', 'HH24:MI'), TO_TIMESTAMP('20:00', 'HH24:MI'), 8, 10.50,
  'CIN003', 'cine.melaka@fdcinema.my', 'CIN-2025-003'
);

INSERT INTO Shift VALUES (
  'SHF009', 'SHIFT-2025-009', 'Janitor', DATE '2025-03-02', DATE '2025-03-02', 'Daily cleanliness',
  TO_TIMESTAMP('06:00', 'HH24:MI'), TO_TIMESTAMP('14:00', 'HH24:MI'), 8, 8.50,
  'CIN004', 'cine.bangi@fdcinema.my', 'CIN-2025-004'
);

INSERT INTO Shift VALUES (
  'SHF010', 'SHIFT-2025-010', 'Projectionist', DATE '2025-03-02', DATE '2025-03-02', 'Runs movie projection',
  TO_TIMESTAMP('14:00', 'HH24:MI'), TO_TIMESTAMP('22:00', 'HH24:MI'), 8, 12.00,
  'CIN005', 'cine.johor@fdcinema.my', 'CIN-2025-005'
);

INSERT INTO Shift VALUES (
  'SHF011', 'SHIFT-2025-011', 'Projectionist', DATE '2025-03-11', DATE '2025-03-11',
  'Setup and maintenance of movie equipment', TO_TIMESTAMP('08:00:00', 'HH24:MI:SS'),
  TO_TIMESTAMP('16:00:00', 'HH24:MI:SS'), 8, 25.00, 'CIN011', 'pop@cine.com', 'CIN-2025-011'
);

INSERT INTO Shift VALUES (
  'SHF012', 'SHIFT-2025-012', 'Customer Assistant', DATE '2025-03-12', DATE '2025-03-12',
  'Morning Support', TO_TIMESTAMP('08:00:00', 'HH24:MI:SS'),
  TO_TIMESTAMP('16:00:00', 'HH24:MI:SS'), 8, 18.00, 'CIN012', 'cine.perlis@fdcinema.my', 'CIN-2025-012'
);

INSERT INTO Shift VALUES (
  'SHF013', 'SHIFT-2025-013', 'Projectionist', DATE '2025-03-13', DATE '2025-03-13',
  'Projection Night', TO_TIMESTAMP('22:00:00', 'HH24:MI:SS'),
  TO_TIMESTAMP('06:00:00', 'HH24:MI:SS'), 8, 22.00, 'CIN013', 'cine.kuala@fdcinema.my', 'CIN-2025-013'
);

INSERT INTO Shift VALUES (
  'SHF014', 'SHIFT-2025-014', 'Cleaner', DATE '2025-03-14', DATE '2025-03-14',
  'Morning Cleanup', TO_TIMESTAMP('07:00:00', 'HH24:MI:SS'),
  TO_TIMESTAMP('15:00:00', 'HH24:MI:SS'), 8, 16.00, 'CIN014', 'cine.seremban@fdcinema.my', 'CIN-2025-014'
);

INSERT INTO Shift VALUES (
  'SHF015', 'SHIFT-2025-015', 'Cashier', DATE '2025-03-15', DATE '2025-03-15',
  'Evening Sales', TO_TIMESTAMP('14:00:00', 'HH24:MI:SS'),
  TO_TIMESTAMP('22:00:00', 'HH24:MI:SS'), 8, 20.00, 'CIN015', 'cine.terengganu@fdcinema.my', 'CIN-2025-015'
);



INSERT INTO Storage VALUES ('S001', 'Popcorn Kernels', DATE '2025-06-10', 'Dry', 'CIN001', 'cine.subang@fdcinema.my', 'CIN-2025-001');
INSERT INTO Storage VALUES ('S002', 'Soft Drinks Bottles', DATE '2025-06-12', 'Cold', 'CIN001', 'cine.subang@fdcinema.my', 'CIN-2025-001');
INSERT INTO Storage VALUES ('S003', 'Cinema Chairs (Spare)', DATE '2025-06-01', 'General', 'CIN002', 'cine.penang@fdcinema.my', 'CIN-2025-002');
INSERT INTO Storage VALUES ('S004', 'Ice Cream Tubs', DATE '2025-06-18', 'Frozen', 'CIN002', 'cine.penang@fdcinema.my', 'CIN-2025-002');
INSERT INTO Storage VALUES ('S005', 'Cleaning Supplies', DATE '2025-06-05', 'General', 'CIN003', 'cine.melaka@fdcinema.my', 'CIN-2025-003');
INSERT INTO Storage VALUES ('S006', 'Nacho Cheese Packets', DATE '2025-06-15', 'Cold', 'CIN003', 'cine.melaka@fdcinema.my', 'CIN-2025-003');
INSERT INTO Storage VALUES ('S007', 'Projector Bulbs', DATE '2025-06-20', 'Dry', 'CIN004', 'cine.bangi@fdcinema.my', 'CIN-2025-004');
INSERT INTO Storage VALUES ('S008', 'Milk Cartons', DATE '2025-06-11', 'Cold', 'CIN004', 'cine.bangi@fdcinema.my', 'CIN-2025-004');
INSERT INTO Storage VALUES ('S009', 'Fries (Frozen)', DATE '2025-06-17', 'Frozen', 'CIN005', 'cine.johor@fdcinema.my', 'CIN-2025-005');
INSERT INTO Storage VALUES ('S010', 'Chocolate Bars', DATE '2025-06-03', 'Dry', 'CIN005', 'cine.johor@fdcinema.my', 'CIN-2025-005');
INSERT INTO Storage VALUES ('S011', 'Trash Bags', DATE '2025-06-07', 'General', 'CIN006', 'cine.kuantan@fdcinema.my', 'CIN-2025-006');
INSERT INTO Storage VALUES ('S012', 'Speaker Cables', DATE '2025-06-13', 'General', 'CIN006', 'cine.kuantan@fdcinema.my', 'CIN-2025-006');
INSERT INTO Storage VALUES ('S013', 'Beverage Cups', DATE '2025-06-14', 'Dry', 'CIN007', 'cine.ipoh@fdcinema.my', 'CIN-2025-007');
INSERT INTO Storage VALUES ('S014', 'Ice Packs', DATE '2025-06-19', 'Frozen', 'CIN007', 'cine.ipoh@fdcinema.my', 'CIN-2025-007');
INSERT INTO Storage VALUES ('S015', 'Butter Packets', DATE '2025-06-16', 'Cold', 'CIN008', 'cine.kuching@fdcinema.my', 'CIN-2025-008');
INSERT INTO Storage VALUES ('S016', '3D Glasses', DATE '2025-06-08', 'Dry', 'CIN008', 'cine.kuching@fdcinema.my', 'CIN-2025-008');
INSERT INTO Storage VALUES ('S017', 'POS Machine Parts', DATE '2025-06-04', 'General', 'CIN009', 'cine.kk@fdcinema.my', 'CIN-2025-009');
INSERT INTO Storage VALUES ('S018', 'Juices (Cartons)', DATE '2025-06-06', 'Cold', 'CIN009', 'cine.kk@fdcinema.my', 'CIN-2025-009');
INSERT INTO Storage VALUES ('S019', 'Cleaning Mops', DATE '2025-06-02', 'General', 'CIN010', 'cine.setia@fdcinema.my', 'CIN-2025-010');
INSERT INTO Storage VALUES ('S020', 'Ticket Roll Stock', DATE '2025-06-09', 'Dry', 'CIN010', 'cine.setia@fdcinema.my', 'CIN-2025-010');

INSERT INTO Asset (
  Asset_ID, Asset_RefNum, Asset_Type, Asset_Description, Asset_Future_Maintenance_Date,
  Asset_Status, Asset_Value, Asset_Purchase_Date, Asset_Warranty_Time,
  Asset_Estimated_LifeSpan, Storage_ID
) VALUES (
  'A001', 'AST-2025-001', 'Projector', 'Epson Full HD 3D Projector', DATE '2025-12-01',
  'Active', 8500.00, DATE '2023-06-15', '2 Years', '5 Years', 'S001'
);

INSERT INTO Asset VALUES (
  'A002', 'AST-2025-002', 'Speaker', 'JBL Surround Sound System', DATE '2025-10-20',
  'Active', 4200.00, DATE '2022-11-12', '1 Year', '6 Years', 'S002'
);

INSERT INTO Asset VALUES (
  'A003', 'AST-2025-003', 'Chair', 'Recliner Seat - VIP Row', DATE '2026-03-30',
  'Active', 1200.00, DATE '2023-01-05', '3 Years', '7 Years', 'S003'
);

INSERT INTO Asset VALUES (
  'A004', 'AST-2025-004', 'Screen', 'Silver Matte Projection Screen', DATE '2025-09-15',
  'Maintenance', 3500.00, DATE '2021-07-28', '2 Years', '6 Years', 'S004'
);

INSERT INTO Asset VALUES (
  'A005', 'AST-2025-005', 'POS Terminal', 'Touchscreen POS System', DATE '2025-08-12',
  'Active', 5000.00, DATE '2023-04-01', '2 Years', '5 Years', 'S005'
);

INSERT INTO Asset VALUES (
  'A006', 'AST-2025-006', 'Lighting', 'LED Hall Lighting Unit', DATE '2025-11-22',
  'Inactive', 850.00, DATE '2020-12-20', '1 Year', '4 Years', 'S006'
);

INSERT INTO Asset VALUES (
  'A007', 'AST-2025-007', 'Chair', 'Standard Audience Chair', DATE '2025-12-10',
  'Active', 450.00, DATE '2021-03-10', '1 Year', '5 Years', 'S007'
);

INSERT INTO Asset VALUES (
  'A008', 'AST-2025-008', 'Projector', '4K Laser Projector', DATE '2026-01-18',
  'Active', 12000.00, DATE '2024-02-25', '3 Years', '8 Years', 'S008'
);

INSERT INTO Asset VALUES (
  'A009', 'AST-2025-009', 'Screen', '3D Compatible Screen', DATE '2025-09-05',
  'Active', 3200.00, DATE '2022-06-01', '2 Years', '5 Years', 'S009'
);

INSERT INTO Asset VALUES (
  'A010', 'AST-2025-010', 'Speaker', 'Dolby Atmos Ceiling Speaker', DATE '2026-05-05',
  'Active', 2800.00, DATE '2023-09-09', '2 Years', '6 Years', 'S010'
);


INSERT INTO Inventory (
  Inventory_ID, Inventory_RefNum, Inventory_Minimum_Stock, Inventory_Maximum_Stock,
  Inventory_Quantity_Available, Inventory_Unit_Measurement, Inventory_Expiry_Date,
  Inventory_Restock_Alert, Inventory_Environment,
  Inventory_Last_Checked_Date, Storage_ID
) VALUES (
  'INV001', 'INV-2025-001', 50, 200, 75, 'packs', DATE '2025-12-15',
  'NO', 'Cool', DATE '2025-07-05', 'S011'
);

INSERT INTO Inventory VALUES (
  'INV002', 'INV-2025-002', 30, 100, 25, 'bottles', DATE '2025-08-01',
  'YES', 'Refrigerated', DATE '2025-07-01', 'S012'
);

INSERT INTO Inventory VALUES (
  'INV003', 'INV-2025-003', 100, 300, 280, 'units', DATE '2026-01-30',
  'NO', 'Dry', DATE '2025-07-06', 'S013'
);

INSERT INTO Inventory VALUES (
  'INV004', 'INV-2025-004', 20, 150, 18, 'boxes', DATE '2025-07-20',
  'YES', 'None', DATE '2025-07-02', 'S014'
);

INSERT INTO Inventory VALUES (
  'INV005', 'INV-2025-005', 40, 250, 210, 'cans', DATE '2025-11-11',
  'NO', 'Cool', DATE '2025-07-08', 'S015'
);

INSERT INTO Inventory VALUES (
  'INV006', 'INV-2025-006', 15, 100, 12, 'packets', DATE '2025-07-30',
  'YES', 'Refrigerated', DATE '2025-07-05', 'S016'
);

INSERT INTO Inventory VALUES (
  'INV007', 'INV-2025-007', 60, 300, 290, 'boxes', DATE '2026-03-12',
  'NO', 'Dry', DATE '2025-07-03', 'S017'
);

INSERT INTO Inventory VALUES (
  'INV008', 'INV-2025-008', 25, 120, 20, 'bottles', DATE '2025-09-15',
  'YES', 'Refrigerated', DATE '2025-07-04', 'S018'
);

INSERT INTO Inventory VALUES (
  'INV009', 'INV-2025-009', 10, 80, 75, 'units', DATE '2025-12-01',
  'NO', 'None', DATE '2025-07-08', 'S019'
);

INSERT INTO Inventory VALUES (
  'INV010', 'INV-2025-010', 35, 200, 32, 'bags', DATE '2025-10-18',
  'YES', 'Cool', DATE '2025-07-07', 'S020'
);


INSERT INTO Stock_Supplier (
  Supplier_ID, Supplier_SSM, Supplier_Name, Supplier_Type,
  Supplier_Number, Supplier_Address, Supplier_BankAccount,
  Supplier_Status, Supplier_DeliveryMode, Supplier_PaymentMode
) VALUES (
  'SUP001', 'SSM2025-001', 'MegaSnacks Sdn Bhd', 'Food',
  '0123456789', 'No.1 Jalan Popcorn KL', '123456789012',
  'Active', 'Courier', 'Online Transfer'
);

INSERT INTO Stock_Supplier VALUES (
  'SUP002', 'SSM2025-002', 'ScreenTech Pro', 'Equipment',
  '0176543210', 'No.88 Tech Avenue, Selangor', '234567890123',
  'Active', 'Direct Drop', 'Bank Transfer'
);

INSERT INTO Stock_Supplier VALUES (
  'SUP003', 'SSM2025-003', 'CineSoft Systems', 'Software',
  '0198765432', '10B Jalan IT Cyberjaya', '345678901234',
  'Inactive', 'Email Link', 'Online Transfer'
);

INSERT INTO Stock_Supplier VALUES (
  'SUP004', 'SSM2025-004', 'AisAis Cooler', 'Beverage',
  '0112233445', 'Lot 14, FnB Hub Penang', '456789012345',
  'Active', 'Courier', 'Cash On Delivery'
);

INSERT INTO Stock_Supplier VALUES (
  'SUP005', 'SSM2025-005', 'MegaPrint Centre', 'Printing',
  '0139988776', '7 Jalan Cetak Melaka', '567890123456',
  'Active', 'Self Pickup', 'Credit Card'
);

INSERT INTO Stock_Supplier VALUES (
  'SUP006', 'SSM2025-006', 'StarBrooms Sdn Bhd', 'Cleaning',
  '0146677889', '22A Jalan Bersih Perak', '678901234567',
  'Active', 'Courier', 'Bank Transfer'
);

INSERT INTO Stock_Supplier VALUES (
  'SUP007', 'SSM2025-007', 'Light and Sound Tech', 'Equipment',
  '0168899001', '15 Jalan Lampu Johor Bahru', '789012345678',
  'Inactive', 'Truck Delivery', 'Online Transfer'
);

INSERT INTO Stock_Supplier VALUES (
  'SUP008', 'SSM2025-008', 'GoSnax Supplies', 'Food',
  '0184455667', '19 Jalan Jajan Kedah', '890123456789',
  'Active', 'Courier', 'Bank Transfer'
);

INSERT INTO Stock_Supplier VALUES (
  'SUP009', 'SSM2025-009', 'CleanIt Experts', 'Cleaning',
  '0125566778', '101 Taman Bersih Negeri Sembilan', '901234567890',
  'Active', 'Staff Pickup', 'E-Wallet'
);

INSERT INTO Stock_Supplier VALUES (
  'SUP010', 'SSM2025-010', 'CoolScreen Co', 'Equipment',
  '0173344556', '4B Jalan Cinema Terengganu', '112233445566',
  'Active', 'Direct Drop', 'Online Transfer'
);

INSERT INTO Stock_Supplier VALUES (
  'SUP011', 'SSM2025-011', 'BrightBeam Tech', 'Equipment', '0111122233',
  '10 Jalan Teknologi, KL', '123456780001', 'Active', 'Courier', 'Online Transfer'
);

INSERT INTO Stock_Supplier VALUES (
  'SUP012', 'SSM2025-012', 'CineFix Supplies', 'Equipment', '0123344556',
  '22A Jalan Cinema, Shah Alam', '234567890001', 'Active', 'Direct Drop', 'Credit Card'
);

INSERT INTO Stock_Supplier VALUES (
  'SUP013', 'SSM2025-013', 'AudioMax Sdn Bhd', 'Equipment', '0136677889',
  'Block B, Jalan Audio, Penang', '345678901234', 'Active', 'Courier', 'Bank Transfer'
);

INSERT INTO Stock_Supplier VALUES (
  'SUP014', 'SSM2025-014', 'EliteVision Co.', 'Equipment', '0147788990',
  'No. 88, Jalan Display, JB', '456789012345', 'Active', 'Courier', 'Online Transfer'
);



INSERT INTO Asset_Log VALUES (
  'ALOG001', 'ALOG-2025-001', TO_TIMESTAMP('08:00', 'HH24:MI'), TO_TIMESTAMP('10:00', 'HH24:MI'), DATE '2025-03-01', 2, 
  'Projector usage', 'Working fine', 'Good', 'Hall 1',
  'CIN001', 'cine.subang@fdcinema.my', 'CIN-2025-001', 'A001', 'AST-2025-001'
);

INSERT INTO Asset_Log VALUES (
  'ALOG002', 'ALOG-2025-002', TO_TIMESTAMP('16:00', 'HH24:MI'), TO_TIMESTAMP('18:00', 'HH24:MI'), DATE '2025-03-01', 2, 
  'Cleaning machine', 'Battery low', 'Fair', 'Backstage',
  'CIN002', 'cine.penang@fdcinema.my', 'CIN-2025-002', 'A002', 'AST-2025-002'
);

INSERT INTO Asset_Log VALUES (
  'ALOG003', 'ALOG-2025-003', TO_TIMESTAMP('10:00', 'HH24:MI'), TO_TIMESTAMP('12:00', 'HH24:MI'), DATE '2025-03-01', 2, 
  'Speaker calibration', 'No issues', 'Excellent', 'Hall 2',
  'CIN003', 'cine.melaka@fdcinema.my', 'CIN-2025-003', 'A003', 'AST-2025-003'
);

INSERT INTO Asset_Log VALUES (
  'ALOG004', 'ALOG-2025-004', TO_TIMESTAMP('12:30', 'HH24:MI'), TO_TIMESTAMP('14:00', 'HH24:MI'), DATE '2025-03-02', 1.5, 
  'Screen inspection', 'Slight crack', 'Fair', 'Hall 3',
  'CIN004', 'cine.bangi@fdcinema.my', 'CIN-2025-004', 'A004', 'AST-2025-004'
);

INSERT INTO Asset_Log VALUES (
  'ALOG005', 'ALOG-2025-005', TO_TIMESTAMP('09:00', 'HH24:MI'), TO_TIMESTAMP('10:30', 'HH24:MI'), DATE '2025-03-02', 1.5, 
  'Air conditioner test', 'Cold airflow okay', 'Good', 'Lobby',
  'CIN005', 'cine.johor@fdcinema.my', 'CIN-2025-005', 'A005', 'AST-2025-005'
);

INSERT INTO Asset_Log VALUES (
  'ALOG006', 'ALOG-2025-006', TO_TIMESTAMP('07:00', 'HH24:MI'), TO_TIMESTAMP('08:00', 'HH24:MI'), DATE '2025-03-03', 1, 
  'Floor cleaner', 'Needs servicing', 'Poor', 'Hall 1',
  'CIN001', 'cine.subang@fdcinema.my', 'CIN-2025-001', 'A006', 'AST-2025-006'
);

INSERT INTO Asset_Log VALUES (
  'ALOG007', 'ALOG-2025-007', TO_TIMESTAMP('15:00', 'HH24:MI'), TO_TIMESTAMP('17:00', 'HH24:MI'), DATE '2025-03-03', 2, 
  'AV system calibration', 'All synced', 'Excellent', 'Control Room',
  'CIN002', 'cine.penang@fdcinema.my', 'CIN-2025-002', 'A007', 'AST-2025-007'
);

INSERT INTO Asset_Log VALUES (
  'ALOG008', 'ALOG-2025-008', TO_TIMESTAMP('11:00', 'HH24:MI'), TO_TIMESTAMP('13:00', 'HH24:MI'), DATE '2025-03-04', 2, 
  'Fire extinguisher check', 'Expired soon', 'Fair', 'Utility Room',
  'CIN003', 'cine.melaka@fdcinema.my', 'CIN-2025-003', 'A008', 'AST-2025-008'
);

INSERT INTO Asset_Log VALUES (
  'ALOG009', 'ALOG-2025-009', TO_TIMESTAMP('08:00', 'HH24:MI'), TO_TIMESTAMP('09:30', 'HH24:MI'), DATE '2025-03-05', 1.5, 
  'Lighting test', '1 bulb fused', 'Good', 'Hall 2',
  'CIN004', 'cine.bangi@fdcinema.my', 'CIN-2025-004', 'A009', 'AST-2025-009'
);

INSERT INTO Asset_Log VALUES (
  'ALOG010', 'ALOG-2025-010', TO_TIMESTAMP('13:00', 'HH24:MI'), TO_TIMESTAMP('15:00', 'HH24:MI'), DATE '2025-03-05', 2, 
  'Door automation', 'No response', 'Needs fix', 'Hall 3',
  'CIN005', 'cine.johor@fdcinema.my', 'CIN-2025-005', 'A010', 'AST-2025-010'
);


INSERT INTO C_Order (
  Order_ID, Order_RefNum, Order_Item, Order_Date, Order_Type, Order_Status, Order_TotalAmount,
  Order_StartTime, Order_EndTime, Order_Remarks,
  Cinema_ID, Cinema_Email, Cinema_RefNum,
  Supplier_ID, Supplier_SSM
) VALUES (
  'ORD001', 'ORDER-2025-001', 'Popcorn Buckets', DATE '2025-03-01', 'Food', 'Completed', 120.00,
  TO_TIMESTAMP('08:00', 'HH24:MI'), TO_TIMESTAMP('10:00', 'HH24:MI'), 'Urgent Restock',
  'CIN001', 'cine.subang@fdcinema.my', 'CIN-2025-001',
  'SUP001', 'SSM2025-001'
);

INSERT INTO C_Order VALUES (
  'ORD002', 'ORDER-2025-002', 'Speaker System', DATE '2025-03-01', 'Equipment', 'Completed', 950.00,
  TO_TIMESTAMP('09:30', 'HH24:MI'), TO_TIMESTAMP('11:30', 'HH24:MI'), 'Test Required',
  'CIN002', 'cine.penang@fdcinema.my', 'CIN-2025-002',
  'SUP002', 'SSM2025-002'
);

INSERT INTO C_Order VALUES (
  'ORD003', 'ORDER-2025-003', 'Ticketing Software', DATE '2025-03-02', 'Software', 'Pending', 700.00,
  TO_TIMESTAMP('14:00', 'HH24:MI'), TO_TIMESTAMP('16:00', 'HH24:MI'), 'Install on 2 PCs',
  'CIN003', 'cine.melaka@fdcinema.my', 'CIN-2025-003',
  'SUP003', 'SSM2025-003'
);

INSERT INTO C_Order VALUES (
  'ORD004', 'ORDER-2025-004', 'Bottled Drinks', DATE '2025-03-02', 'Beverage', 'Completed', 300.00,
  TO_TIMESTAMP('13:00', 'HH24:MI'), TO_TIMESTAMP('15:00', 'HH24:MI'), '5 boxes',
  'CIN004', 'cine.bangi@fdcinema.my', 'CIN-2025-004',
  'SUP004', 'SSM2025-004'
);

INSERT INTO C_Order VALUES (
  'ORD005', 'ORDER-2025-005', 'Printed Banners', DATE '2025-03-03', 'Printing', 'Cancelled', 180.00,
  NULL, NULL, 'Design error',
  'CIN005', 'cine.johor@fdcinema.my', 'CIN-2025-005',
  'SUP005', 'SSM2025-005'
);

INSERT INTO C_Order VALUES (
  'ORD006', 'ORDER-2025-006', 'Cleaning Supplies', DATE '2025-03-03', 'Cleaning', 'Completed', 250.00,
  TO_TIMESTAMP('10:00', 'HH24:MI'), TO_TIMESTAMP('12:00', 'HH24:MI'), 'For monthly usage',
  'CIN001', 'cine.subang@fdcinema.my', 'CIN-2025-001',
  'SUP006', 'SSM2025-006'
);

INSERT INTO C_Order VALUES (
  'ORD007', 'ORDER-2025-007', 'Lighting Rig Kit', DATE '2025-03-04', 'Equipment', 'Pending', 1200.00,
  NULL, NULL, 'Requires approval',
  'CIN002', 'cine.penang@fdcinema.my', 'CIN-2025-002',
  'SUP007', 'SSM2025-007'
);

INSERT INTO C_Order VALUES (
  'ORD008', 'ORDER-2025-008', 'Nacho Cheese Packs', DATE '2025-03-04', 'Food', 'Completed', 400.00,
  TO_TIMESTAMP('11:00', 'HH24:MI'), TO_TIMESTAMP('13:00', 'HH24:MI'), 'Extra cheese pls',
  'CIN003', 'cine.melaka@fdcinema.my', 'CIN-2025-003',
  'SUP008', 'SSM2025-008'
);

INSERT INTO C_Order VALUES (
  'ORD009', 'ORDER-2025-009', 'Floor Mops', DATE '2025-03-05', 'Cleaning', 'Completed', 150.00,
  TO_TIMESTAMP('07:00', 'HH24:MI'), TO_TIMESTAMP('08:30', 'HH24:MI'), 'Monthly restock',
  'CIN004', 'cine.bangi@fdcinema.my', 'CIN-2025-004',
  'SUP009', 'SSM2025-009'
);

INSERT INTO C_Order VALUES (
  'ORD010', 'ORDER-2025-010', 'Projector Lens', DATE '2025-03-05', 'Equipment', 'Pending', 850.00,
  TO_TIMESTAMP('09:30', 'HH24:MI'), TO_TIMESTAMP('11:00', 'HH24:MI'), 'Fragile - handle w/ care',
  'CIN005', 'cine.johor@fdcinema.my', 'CIN-2025-005',
  'SUP010', 'SSM2025-010'
);

INSERT INTO C_Order VALUES (
  'ORD011', 'ORDER-2025-011', 'Caramel Popcorn', DATE '2025-03-06', 'Food', 'Completed', 80.00,
  TO_TIMESTAMP('09:00', 'HH24:MI'), TO_TIMESTAMP('11:00', 'HH24:MI'), 'Popular item',
  'CIN001', 'cine.subang@fdcinema.my', 'CIN-2025-001',
  'SUP001', 'SSM2025-001'
);

INSERT INTO C_Order (
  Order_ID, Order_RefNum, Order_Item, Order_Date, Order_Type, Order_Status, Order_TotalAmount,
  Order_StartTime, Order_EndTime, Order_Remarks,
  Cinema_ID, Cinema_Email, Cinema_RefNum,
  Supplier_ID, Supplier_SSM
) VALUES (
  'ORD012', 'ORDER-2025-012', 'Combo Set C', DATE '2025-04-03', 'Food', 'Completed', 85.00,
  TO_TIMESTAMP('13:00', 'HH24:MI'), TO_TIMESTAMP('14:00', 'HH24:MI'), 'VIP snacks',
  'CIN001', 'cine.subang@fdcinema.my', 'CIN-2025-001',
  'SUP001', 'SSM2025-001'
);

INSERT INTO C_Order VALUES (
  'ORD013', 'ORDER-2025-013', 'Lighting Panel', DATE '2025-03-11', 'Equipment', 'Completed', 300.00,
  TO_TIMESTAMP('09:00', 'HH24:MI'), TO_TIMESTAMP('11:00', 'HH24:MI'), 'Stage lighting upgrade',
  'CIN001', 'cine.subang@fdcinema.my', 'CIN-2025-001',
  'SUP011', 'SSM2025-011'
);

INSERT INTO C_Order VALUES (
  'ORD014', 'ORDER-2025-014', 'Mounting Screens', DATE '2025-03-12', 'Equipment', 'Completed', 150.00,
  TO_TIMESTAMP('12:00', 'HH24:MI'), TO_TIMESTAMP('13:30', 'HH24:MI'), '4 screens per hall',
  'CIN002', 'cine.penang@fdcinema.my', 'CIN-2025-002',
  'SUP012', 'SSM2025-012'
);

INSERT INTO C_Order VALUES (
  'ORD015', 'ORDER-2025-015', 'Audio Wiring Kit', DATE '2025-03-13', 'Equipment', 'Completed', 200.00,
  TO_TIMESTAMP('10:00', 'HH24:MI'), TO_TIMESTAMP('12:00', 'HH24:MI'), 'Wiring upgrade',
  'CIN003', 'cine.melaka@fdcinema.my', 'CIN-2025-003',
  'SUP013', 'SSM2025-013'
);

INSERT INTO C_Order VALUES (
  'ORD016', 'ORDER-2025-016', '4K Projectors', DATE '2025-03-14', 'Equipment', 'Completed', 500.00,
  TO_TIMESTAMP('15:00', 'HH24:MI'), TO_TIMESTAMP('17:00', 'HH24:MI'), 'Replace old units',
  'CIN004', 'cine.bangi@fdcinema.my', 'CIN-2025-004',
  'SUP014', 'SSM2025-014'
);



INSERT INTO Payment (
  Payment_ID, Payment_TransactionRef, Payment_RefundStatus, Payment_Date, Payment_Method,
  Payment_TotalAmount, Payment_Tax, Payment_Status, Payment_DiscountPromotion,
  Payment_RefundAmount, Cinema_ID, Cinema_Email, Cinema_RefNum,
  Supplier_ID, Supplier_SSM, Order_ID, Order_RefNum
) VALUES (
  'PAYM001', 'TXN-2025-001', 'NO', DATE '2025-03-01', 'Credit Card',
  180.00, 10.00, 'Completed', 'NEWCUST10',
  0.00, 'CIN001', 'cine.subang@fdcinema.my', 'CIN-2025-001',
  'SUP001', 'SSM2025-001', 'ORD001', 'ORDER-2025-001'
);

INSERT INTO Payment VALUES (
  'PAYM002', 'TXN-2025-002', 'YES', DATE '2025-03-02', 'Online',
  250.00, 15.00, 'Refunded', 'NONE',
  250.00, 'CIN002', 'cine.penang@fdcinema.my', 'CIN-2025-002',
  'SUP002', 'SSM2025-002', 'ORD002', 'ORDER-2025-002'
);

INSERT INTO Payment VALUES (
  'PAYM003', 'TXN-2025-003', 'NO', DATE '2025-03-02', 'E-Wallet',
  99.00, 6.00, 'Completed', 'MARCH5',
  0.00, 'CIN003', 'cine.melaka@fdcinema.my', 'CIN-2025-003',
  'SUP003', 'SSM2025-003', 'ORD003', 'ORDER-2025-003'
);

INSERT INTO Payment VALUES (
  'PAYM004', 'TXN-2025-004', 'NO', DATE '2025-03-03', 'Debit Card',
  300.00, 18.00, 'Completed', 'WELCOME15',
  0.00, 'CIN004', 'cine.bangi@fdcinema.my', 'CIN-2025-004',
  'SUP004', 'SSM2025-004', 'ORD004', 'ORDER-2025-004'
);

INSERT INTO Payment VALUES (
  'PAYM005', 'TXN-2025-005', 'YES', DATE '2025-03-03', 'Online',
  150.00, 9.00, 'Refunded', 'NONE',
  150.00, 'CIN005', 'cine.johor@fdcinema.my', 'CIN-2025-005',
  'SUP005', 'SSM2025-005', 'ORD005', 'ORDER-2025-005'
);

INSERT INTO Payment VALUES (
  'PAYM006', 'TXN-2025-006', 'NO', DATE '2025-03-04', 'Credit Card',
  210.00, 12.00, 'Completed', 'BUNDLE20',
  0.00, 'CIN001', 'cine.subang@fdcinema.my', 'CIN-2025-001',
  'SUP006', 'SSM2025-006', 'ORD006', 'ORDER-2025-006'
);

INSERT INTO Payment VALUES (
  'PAYM007', 'TXN-2025-007', 'NO', DATE '2025-03-04', 'Cash',
  80.00, 5.00, 'Completed', 'NONE',
  0.00, 'CIN002', 'cine.penang@fdcinema.my', 'CIN-2025-002',
  'SUP007', 'SSM2025-007', 'ORD007', 'ORDER-2025-007'
);

INSERT INTO Payment VALUES (
  'PAYM008', 'TXN-2025-008', 'NO', DATE '2025-03-05', 'Debit Card',
  165.00, 10.00, 'Completed', 'SAVE10',
  0.00, 'CIN003', 'cine.melaka@fdcinema.my', 'CIN-2025-003',
  'SUP008', 'SSM2025-008', 'ORD008', 'ORDER-2025-008'
);

INSERT INTO Payment VALUES (
  'PAYM009', 'TXN-2025-009', 'YES', DATE '2025-03-05', 'Online',
  200.00, 12.00, 'Refunded', 'NONE',
  200.00, 'CIN004', 'cine.bangi@fdcinema.my', 'CIN-2025-004',
  'SUP009', 'SSM2025-009', 'ORD009', 'ORDER-2025-009'
);

INSERT INTO Payment VALUES (
  'PAYM010', 'TXN-2025-010', 'YES', DATE '2025-03-06', 'E-Wallet',
  140.00, 8.00, 'Completed', 'QUICK5',
  0.00, 'CIN005', 'cine.johor@fdcinema.my', 'CIN-2025-005',
  'SUP010', 'SSM2025-010', 'ORD010', 'ORDER-2025-010'
);

INSERT INTO Payment VALUES (
  'PAYM011', 'TXN-2025-011', 'NO', DATE '2025-03-06', 'Credit Card',
  80.00, 5.00, 'Completed', 'NEWCUST10',
  0.00, 'CIN001', 'cine.subang@fdcinema.my', 'CIN-2025-001',
  'SUP001', 'SSM2025-001', 'ORD011', 'ORDER-2025-011'
);

INSERT INTO Payment (
  Payment_ID, Payment_TransactionRef, Payment_RefundStatus, Payment_Date, Payment_Method,
  Payment_TotalAmount, Payment_Tax, Payment_Status, Payment_DiscountPromotion,
  Payment_RefundAmount, Cinema_ID, Cinema_Email, Cinema_RefNum,
  Supplier_ID, Supplier_SSM, Order_ID, Order_RefNum
) VALUES (
  'PAYM012', 'TXN-2025-012', 'NO', DATE '2025-04-03', 'Credit Card',
  85.00, 5.00, 'Completed', 'NEWVIP',
  0.00, 'CIN001', 'cine.subang@fdcinema.my', 'CIN-2025-001',
  'SUP001', 'SSM2025-001', 'ORD012', 'ORDER-2025-012'
);

INSERT INTO Payment VALUES (
  'PAYM013', 'TXN-2025-012', 'NO', DATE '2025-03-11', 'Credit Card',
  300.00, 18.00, 'Completed', 'EQUIP10',
  0.00, 'CIN001', 'cine.subang@fdcinema.my', 'CIN-2025-001',
  'SUP011', 'SSM2025-011', 'ORD013', 'ORDER-2025-013'
);

INSERT INTO Payment VALUES (
  'PAYM014', 'TXN-2025-013', 'NO', DATE '2025-03-12', 'Credit Card',
  150.00, 9.00, 'Completed', 'FIX5',
  0.00, 'CIN002', 'cine.penang@fdcinema.my', 'CIN-2025-002',
  'SUP012', 'SSM2025-012', 'ORD014', 'ORDER-2025-014'
);

INSERT INTO Payment VALUES (
  'PAYM015', 'TXN-2025-014', 'NO', DATE '2025-03-13', 'Credit Card',
  200.00, 12.00, 'Completed', 'AUDIO3',
  0.00, 'CIN003', 'cine.melaka@fdcinema.my', 'CIN-2025-003',
  'SUP013', 'SSM2025-013', 'ORD015', 'ORDER-2025-015'
);

INSERT INTO Payment VALUES (
  'PAYM016', 'TXN-2025-015', 'NO', DATE '2025-03-14', 'Credit Card',
  500.00, 30.00, 'Completed', 'PROJ20',
  0.00, 'CIN004', 'cine.bangi@fdcinema.my', 'CIN-2025-004',
  'SUP014', 'SSM2025-014', 'ORD016', 'ORDER-2025-016'
);



INSERT INTO Review (
  Review_ID, Review_RefNum, Reviewer_Name, Rating, Comm, Review_Date, Review_Time,
  Like_Count, Review_Count, Helpful_Count, Review_Source,
  Cinema_ID, Cinema_Email, Cinema_RefNum
) VALUES (
  'REV001', 'REV-2025-001', 'Aina M.', 5, 'Amazing sound system and clean hall!',
  DATE '2025-03-01', TO_TIMESTAMP('15:20', 'HH24:MI'),
  10, 1, 5, 'Google',
  'CIN001', 'cine.subang@fdcinema.my', 'CIN-2025-001'
);

INSERT INTO Review VALUES (
  'REV002', 'REV-2025-002', 'Firdauss A.', 4, 'Good experience, popcorn was okay.',
  DATE '2025-03-01', TO_TIMESTAMP('17:45', 'HH24:MI'),
  6, 2, 4, 'Website',
  'CIN002', 'cine.penang@fdcinema.my', 'CIN-2025-002'
);

INSERT INTO Review VALUES (
  'REV003', 'REV-2025-003', 'Jia En', 3, 'Seats were a bit uncomfortable.',
  DATE '2025-03-02', TO_TIMESTAMP('13:10', 'HH24:MI'),
  2, 1, 2, 'Mobile App',
  'CIN003', 'cine.melaka@fdcinema.my', 'CIN-2025-003'
);

INSERT INTO Review VALUES (
  'REV004', 'REV-2025-004', 'Amirul R.', 5, 'The picture quality is top-notch!',
  DATE '2025-03-02', TO_TIMESTAMP('19:00', 'HH24:MI'),
  12, 3, 6, 'Google',
  'CIN004', 'cine.bangi@fdcinema.my', 'CIN-2025-004'
);

INSERT INTO Review VALUES (
  'REV005', 'REV-2025-005', 'Siti Zulaikha', 4, 'Friendly staff and quick service.',
  DATE '2025-03-03', TO_TIMESTAMP('14:40', 'HH24:MI'),
  5, 1, 3, 'Website',
  'CIN005', 'cine.johor@fdcinema.my', 'CIN-2025-005'
);

INSERT INTO Review VALUES (
  'REV006', 'REV-2025-006', 'Haris M.', 2, 'Movie started late.',
  DATE '2025-03-03', TO_TIMESTAMP('21:15', 'HH24:MI'),
  1, 1, 0, 'Google',
  'CIN001', 'cine.subang@fdcinema.my', 'CIN-2025-001'
);

INSERT INTO Review VALUES (
  'REV007', 'REV-2025-007', 'Nurin S.', 5, 'Love the new reclining seats!',
  DATE '2025-03-04', TO_TIMESTAMP('11:05', 'HH24:MI'),
  9, 1, 4, 'Website',
  'CIN002', 'cine.penang@fdcinema.my', 'CIN-2025-002'
);

INSERT INTO Review VALUES (
  'REV008', 'REV-2025-008', 'Jason Leong', 3, 'Hall temperature was too cold.',
  DATE '2025-03-04', TO_TIMESTAMP('16:50', 'HH24:MI'),
  3, 1, 2, 'Mobile App',
  'CIN003', 'cine.melaka@fdcinema.my', 'CIN-2025-003'
);

INSERT INTO Review VALUES (
  'REV009', 'REV-2025-009', 'Misha L.', 4, 'Good snacks and drink selection.',
  DATE '2025-03-05', TO_TIMESTAMP('10:30', 'HH24:MI'),
  4, 2, 3, 'Google',
  'CIN004', 'cine.bangi@fdcinema.my', 'CIN-2025-004'
);

INSERT INTO Review VALUES (
  'REV010', 'REV-2025-010', 'Daniel R.', 1, 'Worst cinema ever. Never again.',
  DATE '2025-03-05', TO_TIMESTAMP('20:00', 'HH24:MI'),
  0, 1, 0, 'Website',
  'CIN005', 'cine.johor@fdcinema.my', 'CIN-2025-005'
);

INSERT INTO Review VALUES (
  'REV011', 'REV-2025-011', 'Zarina A.', 4, 'Loved the new seats!',
  DATE '2025-03-06', TO_TIMESTAMP('13:30', 'HH24:MI'),
  6, 1, 3, 'Google',
  'CIN001', 'cine.subang@fdcinema.my', 'CIN-2025-001'
);


INSERT INTO Cinema_Movie (Cinema_ID, Cinema_Email, Cinema_RefNum, Movie_ID, Movie_RefNum) VALUES ('CIN001', 'cine.subang@fdcinema.my', 'CIN-2025-001', 'MOV001', 'MOVIE-2025-001');
INSERT INTO Cinema_Movie VALUES ('CIN001', 'cine.subang@fdcinema.my', 'CIN-2025-001', 'MOV004', 'MOVIE-2025-004');
INSERT INTO Cinema_Movie VALUES ('CIN002', 'cine.penang@fdcinema.my', 'CIN-2025-002', 'MOV002', 'MOVIE-2025-002');
INSERT INTO Cinema_Movie VALUES ('CIN002', 'cine.penang@fdcinema.my', 'CIN-2025-002', 'MOV006', 'MOVIE-2025-006');
INSERT INTO Cinema_Movie VALUES ('CIN003', 'cine.melaka@fdcinema.my', 'CIN-2025-003', 'MOV003', 'MOVIE-2025-003');
INSERT INTO Cinema_Movie VALUES ('CIN003', 'cine.melaka@fdcinema.my', 'CIN-2025-003', 'MOV007', 'MOVIE-2025-007');
INSERT INTO Cinema_Movie VALUES ('CIN004', 'cine.bangi@fdcinema.my', 'CIN-2025-004', 'MOV005', 'MOVIE-2025-005');
INSERT INTO Cinema_Movie VALUES ('CIN004', 'cine.bangi@fdcinema.my', 'CIN-2025-004', 'MOV008', 'MOVIE-2025-008');
INSERT INTO Cinema_Movie VALUES ('CIN005', 'cine.johor@fdcinema.my', 'CIN-2025-005', 'MOV009', 'MOVIE-2025-009');
INSERT INTO Cinema_Movie VALUES ('CIN005', 'cine.johor@fdcinema.my', 'CIN-2025-005', 'MOV010', 'MOVIE-2025-010');


INSERT INTO Person_Hall (Person_IC, Hall_ID, Hall_RefNum) VALUES ('900101-14-1234', 'HL001', 'HALL-2025-001');
INSERT INTO Person_Hall (Person_IC, Hall_ID, Hall_RefNum) VALUES ('880202-07-5678', 'HL002', 'HALL-2025-002');
INSERT INTO Person_Hall (Person_IC, Hall_ID, Hall_RefNum) VALUES ('930303-01-3456', 'HL003', 'HALL-2025-003');
INSERT INTO Person_Hall (Person_IC, Hall_ID, Hall_RefNum) VALUES ('850404-10-7890', 'HL004', 'HALL-2025-004');
INSERT INTO Person_Hall (Person_IC, Hall_ID, Hall_RefNum) VALUES ('920505-08-4567', 'HL005', 'HALL-2025-005');
INSERT INTO Person_Hall (Person_IC, Hall_ID, Hall_RefNum) VALUES ('940606-12-2345', 'HL006', 'HALL-2025-006');
INSERT INTO Person_Hall (Person_IC, Hall_ID, Hall_RefNum) VALUES ('870707-11-6789', 'HL007', 'HALL-2025-007');
INSERT INTO Person_Hall (Person_IC, Hall_ID, Hall_RefNum) VALUES ('890808-05-1122', 'HL008', 'HALL-2025-008');
INSERT INTO Person_Hall (Person_IC, Hall_ID, Hall_RefNum) VALUES ('950909-09-3344', 'HL009', 'HALL-2025-009');
INSERT INTO Person_Hall (Person_IC, Hall_ID, Hall_RefNum) VALUES ('860101-03-5566', 'HL010', 'HALL-2025-010');
INSERT INTO Person_Hall (Person_IC, Hall_ID, Hall_RefNum) VALUES ('860212-11-9876', 'HAL011', 'HALL-2025-011');


INSERT INTO Hall_Movie VALUES ('HL001', 'HALL-2025-001', 'MOV001', 'MOVIE-2025-001');
INSERT INTO Hall_Movie VALUES ('HL002', 'HALL-2025-002', 'MOV002', 'MOVIE-2025-002');
INSERT INTO Hall_Movie VALUES ('HL003', 'HALL-2025-003', 'MOV003', 'MOVIE-2025-003');
INSERT INTO Hall_Movie VALUES ('HL004', 'HALL-2025-004', 'MOV004', 'MOVIE-2025-004');
INSERT INTO Hall_Movie VALUES ('HL005', 'HALL-2025-005', 'MOV005', 'MOVIE-2025-005');
INSERT INTO Hall_Movie VALUES ('HL006', 'HALL-2025-006', 'MOV006', 'MOVIE-2025-006');
INSERT INTO Hall_Movie VALUES ('HL007', 'HALL-2025-007', 'MOV007', 'MOVIE-2025-007');
INSERT INTO Hall_Movie VALUES ('HL008', 'HALL-2025-008', 'MOV008', 'MOVIE-2025-008');
INSERT INTO Hall_Movie VALUES ('HL009', 'HALL-2025-009', 'MOV009', 'MOVIE-2025-009');
INSERT INTO Hall_Movie VALUES ('HL010', 'HALL-2025-010', 'MOV010', 'MOVIE-2025-010');


INSERT INTO Staff_Asset_Log (Staff_ID, AssetLog_ID, AssetLog_Code) VALUES ('S1001', 'ALOG001', 'ALOG-2025-001');
INSERT INTO Staff_Asset_Log (Staff_ID, AssetLog_ID, AssetLog_Code) VALUES ('S1002', 'ALOG002', 'ALOG-2025-002');
INSERT INTO Staff_Asset_Log (Staff_ID, AssetLog_ID, AssetLog_Code) VALUES ('S1003', 'ALOG003', 'ALOG-2025-003');
INSERT INTO Staff_Asset_Log (Staff_ID, AssetLog_ID, AssetLog_Code) VALUES ('S1004', 'ALOG004', 'ALOG-2025-004');
INSERT INTO Staff_Asset_Log (Staff_ID, AssetLog_ID, AssetLog_Code) VALUES ('S1005', 'ALOG005', 'ALOG-2025-005');
INSERT INTO Staff_Asset_Log (Staff_ID, AssetLog_ID, AssetLog_Code) VALUES ('S1006', 'ALOG006', 'ALOG-2025-006');
INSERT INTO Staff_Asset_Log (Staff_ID, AssetLog_ID, AssetLog_Code) VALUES ('S1007', 'ALOG007', 'ALOG-2025-007');
INSERT INTO Staff_Asset_Log (Staff_ID, AssetLog_ID, AssetLog_Code) VALUES ('S1008', 'ALOG008', 'ALOG-2025-008');
INSERT INTO Staff_Asset_Log (Staff_ID, AssetLog_ID, AssetLog_Code) VALUES ('S1009', 'ALOG009', 'ALOG-2025-009');
INSERT INTO Staff_Asset_Log (Staff_ID, AssetLog_ID, AssetLog_Code) VALUES ('S1010', 'ALOG010', 'ALOG-2025-010');


INSERT INTO Staff_Attendance (Staff_ID, Attendance_ID, Attendance_Code) VALUES ('S1001', 'AID001', 'ATT-2025-001');
INSERT INTO Staff_Attendance (Staff_ID, Attendance_ID, Attendance_Code) VALUES ('S1002', 'AID002', 'ATT-2025-002');
INSERT INTO Staff_Attendance (Staff_ID, Attendance_ID, Attendance_Code) VALUES ('S1003', 'AID003', 'ATT-2025-003');
INSERT INTO Staff_Attendance (Staff_ID, Attendance_ID, Attendance_Code) VALUES ('S1004', 'AID004', 'ATT-2025-004');
INSERT INTO Staff_Attendance (Staff_ID, Attendance_ID, Attendance_Code) VALUES ('S1005', 'AID005', 'ATT-2025-005');
INSERT INTO Staff_Attendance (Staff_ID, Attendance_ID, Attendance_Code) VALUES ('S1006', 'AID006', 'ATT-2025-006');
INSERT INTO Staff_Attendance (Staff_ID, Attendance_ID, Attendance_Code) VALUES ('S1007', 'AID007', 'ATT-2025-007');
INSERT INTO Staff_Attendance (Staff_ID, Attendance_ID, Attendance_Code) VALUES ('S1008', 'AID008', 'ATT-2025-008');
INSERT INTO Staff_Attendance (Staff_ID, Attendance_ID, Attendance_Code) VALUES ('S1009', 'AID009', 'ATT-2025-009');
INSERT INTO Staff_Attendance (Staff_ID, Attendance_ID, Attendance_Code) VALUES ('S1010', 'AID010', 'ATT-2025-010');
INSERT INTO Staff_Attendance (Staff_ID, Attendance_ID, Attendance_Code) VALUES ('S1011', 'AID011', 'ATT-2025-011');
INSERT INTO Staff_Attendance (Staff_ID, Attendance_ID, Attendance_Code) VALUES ('S1012', 'AID012', 'ATT-2025-012');
INSERT INTO Staff_Attendance (Staff_ID, Attendance_ID, Attendance_Code) VALUES ('S1013', 'AID013', 'ATT-2025-013');
INSERT INTO Staff_Attendance (Staff_ID, Attendance_ID, Attendance_Code) VALUES ('S1014', 'AID014', 'ATT-2025-014');
INSERT INTO Staff_Attendance (Staff_ID, Attendance_ID, Attendance_Code) VALUES ('S1015', 'AID015', 'ATT-2025-015');



INSERT INTO Staff_Leave (Staff_ID, Leave_ID, Leave_Code) VALUES ('S1001', 'LID001', 'LV-2025-001');
INSERT INTO Staff_Leave (Staff_ID, Leave_ID, Leave_Code) VALUES ('S2001', 'LID002', 'LV-2025-002');
INSERT INTO Staff_Leave (Staff_ID, Leave_ID, Leave_Code) VALUES ('S1002', 'LID003', 'LV-2025-003');
INSERT INTO Staff_Leave (Staff_ID, Leave_ID, Leave_Code) VALUES ('S2002', 'LID004', 'LV-2025-004');
INSERT INTO Staff_Leave (Staff_ID, Leave_ID, Leave_Code) VALUES ('S1003', 'LID005', 'LV-2025-005');
INSERT INTO Staff_Leave (Staff_ID, Leave_ID, Leave_Code) VALUES ('S2003', 'LID006', 'LV-2025-006');
INSERT INTO Staff_Leave (Staff_ID, Leave_ID, Leave_Code) VALUES ('S1004', 'LID007', 'LV-2025-007');
INSERT INTO Staff_Leave (Staff_ID, Leave_ID, Leave_Code) VALUES ('S2004', 'LID008', 'LV-2025-008');
INSERT INTO Staff_Leave (Staff_ID, Leave_ID, Leave_Code) VALUES ('S1005', 'LID009', 'LV-2025-009');
INSERT INTO Staff_Leave (Staff_ID, Leave_ID, Leave_Code) VALUES ('S2005', 'LID010', 'LV-2025-010');


INSERT INTO Cinema_Stock_Supplier (Cinema_ID, Cinema_Email, Cinema_RefNum, Supplier_ID, Supplier_SSM) VALUES ('CIN001', 'cine.subang@fdcinema.my', 'CIN-2025-001', 'SUP001', 'SSM2025-001');
INSERT INTO Cinema_Stock_Supplier (Cinema_ID, Cinema_Email, Cinema_RefNum, Supplier_ID, Supplier_SSM) VALUES ('CIN002', 'cine.penang@fdcinema.my', 'CIN-2025-002', 'SUP002', 'SSM2025-002');
INSERT INTO Cinema_Stock_Supplier (Cinema_ID, Cinema_Email, Cinema_RefNum, Supplier_ID, Supplier_SSM) VALUES ('CIN003', 'cine.melaka@fdcinema.my', 'CIN-2025-003', 'SUP003', 'SSM2025-003');
INSERT INTO Cinema_Stock_Supplier (Cinema_ID, Cinema_Email, Cinema_RefNum, Supplier_ID, Supplier_SSM) VALUES ('CIN004', 'cine.bangi@fdcinema.my', 'CIN-2025-004', 'SUP004', 'SSM2025-004');
INSERT INTO Cinema_Stock_Supplier (Cinema_ID, Cinema_Email, Cinema_RefNum, Supplier_ID, Supplier_SSM) VALUES ('CIN005', 'cine.johor@fdcinema.my', 'CIN-2025-005', 'SUP005', 'SSM2025-005');
INSERT INTO Cinema_Stock_Supplier (Cinema_ID, Cinema_Email, Cinema_RefNum, Supplier_ID, Supplier_SSM) VALUES ('CIN001', 'cine.subang@fdcinema.my', 'CIN-2025-001', 'SUP006', 'SSM2025-006');
INSERT INTO Cinema_Stock_Supplier (Cinema_ID, Cinema_Email, Cinema_RefNum, Supplier_ID, Supplier_SSM) VALUES ('CIN002', 'cine.penang@fdcinema.my', 'CIN-2025-002', 'SUP007', 'SSM2025-007');
INSERT INTO Cinema_Stock_Supplier (Cinema_ID, Cinema_Email, Cinema_RefNum, Supplier_ID, Supplier_SSM) VALUES ('CIN003', 'cine.melaka@fdcinema.my', 'CIN-2025-003', 'SUP008', 'SSM2025-008');
INSERT INTO Cinema_Stock_Supplier (Cinema_ID, Cinema_Email, Cinema_RefNum, Supplier_ID, Supplier_SSM) VALUES ('CIN004', 'cine.bangi@fdcinema.my', 'CIN-2025-004', 'SUP009', 'SSM2025-009');
INSERT INTO Cinema_Stock_Supplier (Cinema_ID, Cinema_Email, Cinema_RefNum, Supplier_ID, Supplier_SSM) VALUES ('CIN005', 'cine.johor@fdcinema.my', 'CIN-2025-005', 'SUP010', 'SSM2025-010');


INSERT INTO Storage_Stock_Supplier (Storage_ID, Supplier_ID, Supplier_SSM) VALUES ('S001', 'SUP001', 'SSM2025-001');
INSERT INTO Storage_Stock_Supplier (Storage_ID, Supplier_ID, Supplier_SSM) VALUES ('S002', 'SUP002', 'SSM2025-002');
INSERT INTO Storage_Stock_Supplier (Storage_ID, Supplier_ID, Supplier_SSM) VALUES ('S003', 'SUP003', 'SSM2025-003');
INSERT INTO Storage_Stock_Supplier (Storage_ID, Supplier_ID, Supplier_SSM) VALUES ('S004', 'SUP004', 'SSM2025-004');
INSERT INTO Storage_Stock_Supplier (Storage_ID, Supplier_ID, Supplier_SSM) VALUES ('S005', 'SUP005', 'SSM2025-005');
INSERT INTO Storage_Stock_Supplier (Storage_ID, Supplier_ID, Supplier_SSM) VALUES ('S006', 'SUP006', 'SSM2025-006');
INSERT INTO Storage_Stock_Supplier (Storage_ID, Supplier_ID, Supplier_SSM) VALUES ('S007', 'SUP007', 'SSM2025-007');
INSERT INTO Storage_Stock_Supplier (Storage_ID, Supplier_ID, Supplier_SSM) VALUES ('S008', 'SUP008', 'SSM2025-008');
INSERT INTO Storage_Stock_Supplier (Storage_ID, Supplier_ID, Supplier_SSM) VALUES ('S009', 'SUP009', 'SSM2025-009');
INSERT INTO Storage_Stock_Supplier (Storage_ID, Supplier_ID, Supplier_SSM) VALUES ('S010', 'SUP010', 'SSM2025-010');


INSERT INTO Product_Order (Order_ID, Order_RefNum, Product_ID) VALUES ('ORD001', 'ORDER-2025-001', 'P001');
INSERT INTO Product_Order (Order_ID, Order_RefNum, Product_ID) VALUES ('ORD002', 'ORDER-2025-002', 'P003');
INSERT INTO Product_Order (Order_ID, Order_RefNum, Product_ID) VALUES ('ORD003', 'ORDER-2025-003', 'P005');
INSERT INTO Product_Order (Order_ID, Order_RefNum, Product_ID) VALUES ('ORD004', 'ORDER-2025-004', 'P007');
INSERT INTO Product_Order (Order_ID, Order_RefNum, Product_ID) VALUES ('ORD005', 'ORDER-2025-005', 'P009');
INSERT INTO Product_Order (Order_ID, Order_RefNum, Product_ID) VALUES ('ORD006', 'ORDER-2025-006', 'P011');
INSERT INTO Product_Order (Order_ID, Order_RefNum, Product_ID) VALUES ('ORD007', 'ORDER-2025-007', 'P013');
INSERT INTO Product_Order (Order_ID, Order_RefNum, Product_ID) VALUES ('ORD008', 'ORDER-2025-008', 'P015');
INSERT INTO Product_Order (Order_ID, Order_RefNum, Product_ID) VALUES ('ORD009', 'ORDER-2025-009', 'P019');
INSERT INTO Product_Order (Order_ID, Order_RefNum, Product_ID) VALUES ('ORD010', 'ORDER-2025-010', 'P021');



INSERT INTO Product_Stock_Supplier (Product_ID, Supplier_ID, Supplier_SSM) VALUES ('P001', 'SUP001', 'SSM2025-001');
INSERT INTO Product_Stock_Supplier (Product_ID, Supplier_ID, Supplier_SSM) VALUES ('P002', 'SUP001', 'SSM2025-001');
INSERT INTO Product_Stock_Supplier (Product_ID, Supplier_ID, Supplier_SSM) VALUES ('P003', 'SUP002', 'SSM2025-002');
INSERT INTO Product_Stock_Supplier (Product_ID, Supplier_ID, Supplier_SSM) VALUES ('P004', 'SUP002', 'SSM2025-002');
INSERT INTO Product_Stock_Supplier (Product_ID, Supplier_ID, Supplier_SSM) VALUES ('P005', 'SUP003', 'SSM2025-003');
INSERT INTO Product_Stock_Supplier (Product_ID, Supplier_ID, Supplier_SSM) VALUES ('P006', 'SUP003', 'SSM2025-003');
INSERT INTO Product_Stock_Supplier (Product_ID, Supplier_ID, Supplier_SSM) VALUES ('P007', 'SUP004', 'SSM2025-004');
INSERT INTO Product_Stock_Supplier (Product_ID, Supplier_ID, Supplier_SSM) VALUES ('P008', 'SUP004', 'SSM2025-004');
INSERT INTO Product_Stock_Supplier (Product_ID, Supplier_ID, Supplier_SSM) VALUES ('P009', 'SUP005', 'SSM2025-005');
INSERT INTO Product_Stock_Supplier (Product_ID, Supplier_ID, Supplier_SSM) VALUES ('P010', 'SUP005', 'SSM2025-005');


INSERT INTO Payslip_Shift (Payslip_ID, Payslip_Code, Shift_ID, Shift_Code) VALUES ('PAY001', 'PAY-SLIP-001', 'SHF001', 'SHIFT-2025-001');
INSERT INTO Payslip_Shift (Payslip_ID, Payslip_Code, Shift_ID, Shift_Code) VALUES ('PAY002', 'PAY-SLIP-002', 'SHF002', 'SHIFT-2025-002');
INSERT INTO Payslip_Shift (Payslip_ID, Payslip_Code, Shift_ID, Shift_Code) VALUES ('PAY003', 'PAY-SLIP-003', 'SHF003', 'SHIFT-2025-003');
INSERT INTO Payslip_Shift (Payslip_ID, Payslip_Code, Shift_ID, Shift_Code) VALUES ('PAY004', 'PAY-SLIP-004', 'SHF004', 'SHIFT-2025-004');
INSERT INTO Payslip_Shift (Payslip_ID, Payslip_Code, Shift_ID, Shift_Code) VALUES ('PAY005', 'PAY-SLIP-005', 'SHF005', 'SHIFT-2025-005');
INSERT INTO Payslip_Shift (Payslip_ID, Payslip_Code, Shift_ID, Shift_Code) VALUES ('PAY006', 'PAY-SLIP-006', 'SHF006', 'SHIFT-2025-006');
INSERT INTO Payslip_Shift (Payslip_ID, Payslip_Code, Shift_ID, Shift_Code) VALUES ('PAY007', 'PAY-SLIP-007', 'SHF007', 'SHIFT-2025-007');
INSERT INTO Payslip_Shift (Payslip_ID, Payslip_Code, Shift_ID, Shift_Code) VALUES ('PAY008', 'PAY-SLIP-008', 'SHF008', 'SHIFT-2025-008');
INSERT INTO Payslip_Shift (Payslip_ID, Payslip_Code, Shift_ID, Shift_Code) VALUES ('PAY009', 'PAY-SLIP-009', 'SHF009', 'SHIFT-2025-009');
INSERT INTO Payslip_Shift (Payslip_ID, Payslip_Code, Shift_ID, Shift_Code) VALUES ('PAY010', 'PAY-SLIP-010', 'SHF010', 'SHIFT-2025-010');
INSERT INTO Payslip_Shift (Payslip_ID, Payslip_Code, Shift_ID, Shift_Code) VALUES ('PAY011', 'PAY-SLIP-011', 'SHF011', 'SHIFT-2025-011');
INSERT INTO Payslip_Shift (Payslip_ID, Payslip_Code, Shift_ID, Shift_Code) VALUES ('PAY012', 'PAY-SLIP-012', 'SHF012', 'SHIFT-2025-012');
INSERT INTO Payslip_Shift (Payslip_ID, Payslip_Code, Shift_ID, Shift_Code) VALUES ('PAY013', 'PAY-SLIP-013', 'SHF013', 'SHIFT-2025-013');
INSERT INTO Payslip_Shift (Payslip_ID, Payslip_Code, Shift_ID, Shift_Code) VALUES ('PAY014', 'PAY-SLIP-014', 'SHF014', 'SHIFT-2025-014');
INSERT INTO Payslip_Shift (Payslip_ID, Payslip_Code, Shift_ID, Shift_Code) VALUES ('PAY015', 'PAY-SLIP-015', 'SHF015', 'SHIFT-2025-015');


INSERT INTO Product_Payment (Product_ID, Payment_ID, Payment_TransactionRef) VALUES ('P001', 'PAYM001', 'TXN-2025-001');
INSERT INTO Product_Payment (Product_ID, Payment_ID, Payment_TransactionRef) VALUES ('P003', 'PAYM002', 'TXN-2025-002');
INSERT INTO Product_Payment (Product_ID, Payment_ID, Payment_TransactionRef) VALUES ('P005', 'PAYM003', 'TXN-2025-003');
INSERT INTO Product_Payment (Product_ID, Payment_ID, Payment_TransactionRef) VALUES ('P007', 'PAYM004', 'TXN-2025-004');
INSERT INTO Product_Payment (Product_ID, Payment_ID, Payment_TransactionRef) VALUES ('P009', 'PAYM005', 'TXN-2025-005');
INSERT INTO Product_Payment (Product_ID, Payment_ID, Payment_TransactionRef) VALUES ('P011', 'PAYM006', 'TXN-2025-006');
INSERT INTO Product_Payment (Product_ID, Payment_ID, Payment_TransactionRef) VALUES ('P014', 'PAYM007', 'TXN-2025-007');
INSERT INTO Product_Payment (Product_ID, Payment_ID, Payment_TransactionRef) VALUES ('P016', 'PAYM008', 'TXN-2025-008');
INSERT INTO Product_Payment (Product_ID, Payment_ID, Payment_TransactionRef) VALUES ('P019', 'PAYM009', 'TXN-2025-009');
INSERT INTO Product_Payment (Product_ID, Payment_ID, Payment_TransactionRef) VALUES ('P021', 'PAYM010', 'TXN-2025-010');

INSERT INTO Product_Person (Product_ID, Person_IC) VALUES ('P001', '900101-14-1234');
INSERT INTO Product_Person (Product_ID, Person_IC) VALUES ('P002', '880202-07-5678');
INSERT INTO Product_Person (Product_ID, Person_IC) VALUES ('P003', '930303-01-3456');
INSERT INTO Product_Person (Product_ID, Person_IC) VALUES ('P004', '850404-10-7890');
INSERT INTO Product_Person (Product_ID, Person_IC) VALUES ('P005', '920505-08-4567');
INSERT INTO Product_Person (Product_ID, Person_IC) VALUES ('P006', '940606-12-2345');
INSERT INTO Product_Person (Product_ID, Person_IC) VALUES ('P007', '870707-11-6789');
INSERT INTO Product_Person (Product_ID, Person_IC) VALUES ('P008', '890808-05-1122');
INSERT INTO Product_Person (Product_ID, Person_IC) VALUES ('P009', '950909-09-3344');
INSERT INTO Product_Person (Product_ID, Person_IC) VALUES ('P010', '860101-03-5566');


INSERT INTO Product_Storage (Product_ID, Storage_ID) VALUES ('P001', 'S001');
INSERT INTO Product_Storage (Product_ID, Storage_ID) VALUES ('P002', 'S002');
INSERT INTO Product_Storage (Product_ID, Storage_ID) VALUES ('P003', 'S003');
INSERT INTO Product_Storage (Product_ID, Storage_ID) VALUES ('P004', 'S004');
INSERT INTO Product_Storage (Product_ID, Storage_ID) VALUES ('P005', 'S005');
INSERT INTO Product_Storage (Product_ID, Storage_ID) VALUES ('P006', 'S006');
INSERT INTO Product_Storage (Product_ID, Storage_ID) VALUES ('P007', 'S007');
INSERT INTO Product_Storage (Product_ID, Storage_ID) VALUES ('P008', 'S008');
INSERT INTO Product_Storage (Product_ID, Storage_ID) VALUES ('P009', 'S009');
INSERT INTO Product_Storage (Product_ID, Storage_ID) VALUES ('P010', 'S010');


INSERT INTO Staff_Shift (Staff_ID, Shift_ID, Shift_Code) VALUES ('S1001', 'SHF001', 'SHIFT-2025-001');
INSERT INTO Staff_Shift (Staff_ID, Shift_ID, Shift_Code) VALUES ('S1002', 'SHF002', 'SHIFT-2025-002');
INSERT INTO Staff_Shift (Staff_ID, Shift_ID, Shift_Code) VALUES ('S1003', 'SHF003', 'SHIFT-2025-003');
INSERT INTO Staff_Shift (Staff_ID, Shift_ID, Shift_Code) VALUES ('S1004', 'SHF004', 'SHIFT-2025-004');
INSERT INTO Staff_Shift (Staff_ID, Shift_ID, Shift_Code) VALUES ('S1005', 'SHF005', 'SHIFT-2025-005');
INSERT INTO Staff_Shift (Staff_ID, Shift_ID, Shift_Code) VALUES ('S1006', 'SHF006', 'SHIFT-2025-006');
INSERT INTO Staff_Shift (Staff_ID, Shift_ID, Shift_Code) VALUES ('S1007', 'SHF007', 'SHIFT-2025-007');
INSERT INTO Staff_Shift (Staff_ID, Shift_ID, Shift_Code) VALUES ('S1008', 'SHF008', 'SHIFT-2025-008');
INSERT INTO Staff_Shift (Staff_ID, Shift_ID, Shift_Code) VALUES ('S1009', 'SHF009', 'SHIFT-2025-009');
INSERT INTO Staff_Shift (Staff_ID, Shift_ID, Shift_Code) VALUES ('S1010', 'SHF010', 'SHIFT-2025-010');
INSERT INTO Staff_Shift (Staff_ID, Shift_ID, Shift_Code) VALUES ('S1011', 'SHF011', 'SHIFT-2025-011');
INSERT INTO Staff_Shift (Staff_ID, Shift_ID, Shift_Code) VALUES ('S1012', 'SHF012', 'SHIFT-2025-012');
INSERT INTO Staff_Shift (Staff_ID, Shift_ID, Shift_Code) VALUES ('S1013', 'SHF013', 'SHIFT-2025-013');
INSERT INTO Staff_Shift (Staff_ID, Shift_ID, Shift_Code) VALUES ('S1014', 'SHF014', 'SHIFT-2025-014');
INSERT INTO Staff_Shift (Staff_ID, Shift_ID, Shift_Code) VALUES ('S1015', 'SHF015', 'SHIFT-2025-015');


INSERT INTO Staff_Payslip (Staff_ID, Payslip_ID, Payslip_Code) VALUES ('S1001', 'PAY001', 'PAY-SLIP-001');
INSERT INTO Staff_Payslip (Staff_ID, Payslip_ID, Payslip_Code) VALUES ('S1002', 'PAY002', 'PAY-SLIP-002');
INSERT INTO Staff_Payslip (Staff_ID, Payslip_ID, Payslip_Code) VALUES ('S1003', 'PAY003', 'PAY-SLIP-003');
INSERT INTO Staff_Payslip (Staff_ID, Payslip_ID, Payslip_Code) VALUES ('S1004', 'PAY004', 'PAY-SLIP-004');
INSERT INTO Staff_Payslip (Staff_ID, Payslip_ID, Payslip_Code) VALUES ('S1005', 'PAY005', 'PAY-SLIP-005');
INSERT INTO Staff_Payslip (Staff_ID, Payslip_ID, Payslip_Code) VALUES ('S1006', 'PAY006', 'PAY-SLIP-006');
INSERT INTO Staff_Payslip (Staff_ID, Payslip_ID, Payslip_Code) VALUES ('S1007', 'PAY007', 'PAY-SLIP-007');
INSERT INTO Staff_Payslip (Staff_ID, Payslip_ID, Payslip_Code) VALUES ('S1008', 'PAY008', 'PAY-SLIP-008');
INSERT INTO Staff_Payslip (Staff_ID, Payslip_ID, Payslip_Code) VALUES ('S1009', 'PAY009', 'PAY-SLIP-009');
INSERT INTO Staff_Payslip (Staff_ID, Payslip_ID, Payslip_Code) VALUES ('S1010', 'PAY010', 'PAY-SLIP-010');
INSERT INTO Staff_Payslip (Staff_ID, Payslip_ID, Payslip_Code) VALUES ('S1011', 'PAY011', 'PAY-SLIP-011');
INSERT INTO Staff_Payslip (Staff_ID, Payslip_ID, Payslip_Code) VALUES ('S1012', 'PAY012', 'PAY-SLIP-012');
INSERT INTO Staff_Payslip (Staff_ID, Payslip_ID, Payslip_Code) VALUES ('S1013', 'PAY013', 'PAY-SLIP-013');
INSERT INTO Staff_Payslip (Staff_ID, Payslip_ID, Payslip_Code) VALUES ('S1014', 'PAY014', 'PAY-SLIP-014');
INSERT INTO Staff_Payslip (Staff_ID, Payslip_ID, Payslip_Code) VALUES ('S1015', 'PAY015', 'PAY-SLIP-015');


INSERT INTO Staff_Storage (Staff_ID, Storage_ID) VALUES ('S1001', 'S001');
INSERT INTO Staff_Storage (Staff_ID, Storage_ID) VALUES ('S1002', 'S002');
INSERT INTO Staff_Storage (Staff_ID, Storage_ID) VALUES ('S1003', 'S003');
INSERT INTO Staff_Storage (Staff_ID, Storage_ID) VALUES ('S1004', 'S004');
INSERT INTO Staff_Storage (Staff_ID, Storage_ID) VALUES ('S1005', 'S005');
INSERT INTO Staff_Storage (Staff_ID, Storage_ID) VALUES ('S1006', 'S006');
INSERT INTO Staff_Storage (Staff_ID, Storage_ID) VALUES ('S1007', 'S007');
INSERT INTO Staff_Storage (Staff_ID, Storage_ID) VALUES ('S1008', 'S008');
INSERT INTO Staff_Storage (Staff_ID, Storage_ID) VALUES ('S1009', 'S009');
INSERT INTO Staff_Storage (Staff_ID, Storage_ID) VALUES ('S1010', 'S010');
INSERT INTO Staff_Storage (Staff_ID, Storage_ID) VALUES ('S1011', 'S011');

INSERT INTO Seat_Ticket (Seat_ID, Seat_RefNum, Ticket_ID, Ticket_Booking_RefNum)
VALUES ('S001', 'SEAT-2025-001', 'T001', 'BOOK-2025-001');

INSERT INTO Seat_Ticket (Seat_ID, Seat_RefNum, Ticket_ID, Ticket_Booking_RefNum)
VALUES ('S002', 'SEAT-2025-002', 'T002', 'BOOK-2025-002');

INSERT INTO Seat_Ticket (Seat_ID, Seat_RefNum, Ticket_ID, Ticket_Booking_RefNum)
VALUES ('S003', 'SEAT-2025-003', 'T003', 'BOOK-2025-003');

INSERT INTO Seat_Ticket (Seat_ID, Seat_RefNum, Ticket_ID, Ticket_Booking_RefNum)
VALUES ('S004', 'SEAT-2025-004', 'T004', 'BOOK-2025-004');

INSERT INTO Seat_Ticket (Seat_ID, Seat_RefNum, Ticket_ID, Ticket_Booking_RefNum)
VALUES ('S005', 'SEAT-2025-005', 'T005', 'BOOK-2025-005');

INSERT INTO Seat_Ticket (Seat_ID, Seat_RefNum, Ticket_ID, Ticket_Booking_RefNum)
VALUES ('S006', 'SEAT-2025-006', 'T006', 'BOOK-2025-006');

INSERT INTO Seat_Ticket (Seat_ID, Seat_RefNum, Ticket_ID, Ticket_Booking_RefNum)
VALUES ('S007', 'SEAT-2025-007', 'T007', 'BOOK-2025-007');

INSERT INTO Seat_Ticket (Seat_ID, Seat_RefNum, Ticket_ID, Ticket_Booking_RefNum)
VALUES ('S008', 'SEAT-2025-008', 'T008', 'BOOK-2025-008');

INSERT INTO Seat_Ticket (Seat_ID, Seat_RefNum, Ticket_ID, Ticket_Booking_RefNum)
VALUES ('S009', 'SEAT-2025-009', 'T009', 'BOOK-2025-009');

INSERT INTO Seat_Ticket (Seat_ID, Seat_RefNum, Ticket_ID, Ticket_Booking_RefNum)
VALUES ('S010', 'SEAT-2025-010', 'T010', 'BOOK-2025-010');


INSERT INTO Person_Seat (Person_IC, Seat_ID, Seat_RefNum)
VALUES ('900101-14-1234', 'S001', 'SEAT-2025-001');

INSERT INTO Person_Seat (Person_IC, Seat_ID, Seat_RefNum)
VALUES ('880202-07-5678', 'S002', 'SEAT-2025-002');

INSERT INTO Person_Seat (Person_IC, Seat_ID, Seat_RefNum)
VALUES ('930303-01-3456', 'S003', 'SEAT-2025-003');

INSERT INTO Person_Seat (Person_IC, Seat_ID, Seat_RefNum)
VALUES ('850404-10-7890', 'S004', 'SEAT-2025-004');

INSERT INTO Person_Seat (Person_IC, Seat_ID, Seat_RefNum)
VALUES ('920505-08-4567', 'S005', 'SEAT-2025-005');

INSERT INTO Person_Seat (Person_IC, Seat_ID, Seat_RefNum)
VALUES ('940606-12-2345', 'S006', 'SEAT-2025-006');

INSERT INTO Person_Seat (Person_IC, Seat_ID, Seat_RefNum)
VALUES ('870707-11-6789', 'S007', 'SEAT-2025-007');

INSERT INTO Person_Seat (Person_IC, Seat_ID, Seat_RefNum)
VALUES ('890808-05-1122', 'S008', 'SEAT-2025-008');

INSERT INTO Person_Seat (Person_IC, Seat_ID, Seat_RefNum)
VALUES ('950909-09-3344', 'S009', 'SEAT-2025-009');

INSERT INTO Person_Seat (Person_IC, Seat_ID, Seat_RefNum)
VALUES ('860101-03-5566', 'S010', 'SEAT-2025-010');

INSERT INTO Person_Seat (Person_IC, Seat_ID, Seat_RefNum) 
VALUES ('951201-10-8888', 'S011', 'SEAT-2025-011');

INSERT INTO Person_Seat (
  Person_IC, Seat_ID, Seat_RefNum
) VALUES (
  '010404-09-3344', 'S012', 'SEAT-2025-012'
);



INSERT INTO Person_Cinema (Person_IC, Cinema_ID, Cinema_Email, Cinema_RefNum)
VALUES ('900101-14-1234', 'CIN001', 'cine.subang@fdcinema.my', 'CIN-2025-001');

INSERT INTO Person_Cinema (Person_IC, Cinema_ID, Cinema_Email, Cinema_RefNum)
VALUES ('880202-07-5678', 'CIN002', 'cine.penang@fdcinema.my', 'CIN-2025-002');

INSERT INTO Person_Cinema (Person_IC, Cinema_ID, Cinema_Email, Cinema_RefNum)
VALUES ('930303-01-3456', 'CIN003', 'cine.melaka@fdcinema.my', 'CIN-2025-003');

INSERT INTO Person_Cinema (Person_IC, Cinema_ID, Cinema_Email, Cinema_RefNum)
VALUES ('850404-10-7890', 'CIN004', 'cine.bangi@fdcinema.my', 'CIN-2025-004');

INSERT INTO Person_Cinema (Person_IC, Cinema_ID, Cinema_Email, Cinema_RefNum)
VALUES ('920505-08-4567', 'CIN005', 'cine.johor@fdcinema.my', 'CIN-2025-005');

INSERT INTO Person_Cinema (Person_IC, Cinema_ID, Cinema_Email, Cinema_RefNum)
VALUES ('940606-12-2345', 'CIN006', 'cine.kuantan@fdcinema.my', 'CIN-2025-006');

INSERT INTO Person_Cinema (Person_IC, Cinema_ID, Cinema_Email, Cinema_RefNum)
VALUES ('870707-11-6789', 'CIN007', 'cine.ipoh@fdcinema.my', 'CIN-2025-007');

INSERT INTO Person_Cinema (Person_IC, Cinema_ID, Cinema_Email, Cinema_RefNum)
VALUES ('890808-05-1122', 'CIN008', 'cine.kuching@fdcinema.my', 'CIN-2025-008');

INSERT INTO Person_Cinema (Person_IC, Cinema_ID, Cinema_Email, Cinema_RefNum)
VALUES ('950909-09-3344', 'CIN009', 'cine.kk@fdcinema.my', 'CIN-2025-009');

INSERT INTO Person_Cinema (Person_IC, Cinema_ID, Cinema_Email, Cinema_RefNum)
VALUES ('860101-03-5566', 'CIN010', 'cine.setia@fdcinema.my', 'CIN-2025-010');

INSERT INTO Person_Cinema (Person_IC, Cinema_ID, Cinema_Email, Cinema_RefNum) 
VALUES ('860212-11-9876', 'CIN011', 'pop@cine.com', 'CIN-2025-011');


INSERT INTO Person_Person (Person_IC1, Person_IC2)
VALUES ('990101-01-1234', '011231-14-1234');

INSERT INTO Person_Person (Person_IC1, Person_IC2)
VALUES ('980202-02-5678', '000101-03-4567');

INSERT INTO Person_Person (Person_IC1, Person_IC2)
VALUES ('970303-03-3456', '991010-06-1122');

INSERT INTO Person_Person (Person_IC1, Person_IC2)
VALUES ('960404-04-7890', '010203-10-2345');

INSERT INTO Person_Person (Person_IC1, Person_IC2)
VALUES ('950505-05-4567', '000404-01-7890');

INSERT INTO Person_Person (Person_IC1, Person_IC2)
VALUES ('940606-06-2345', '990505-09-6789');

INSERT INTO Person_Person (Person_IC1, Person_IC2)
VALUES ('930707-07-6789', '980606-07-5678');

INSERT INTO Person_Person (Person_IC1, Person_IC2)
VALUES ('920808-08-1122', '010101-08-3456');

INSERT INTO Person_Person (Person_IC1, Person_IC2)
VALUES ('910909-09-3344', '990909-04-5566');

INSERT INTO Person_Person (Person_IC1, Person_IC2)
VALUES ('900101-10-5566', '970707-03-9988');


INSERT INTO Person_Payment (Person_IC, Payment_ID, Payment_TransactionRef)
VALUES ('140201-14-1234', 'PAYM001', 'TXN-2025-001');

INSERT INTO Person_Payment (Person_IC, Payment_ID, Payment_TransactionRef)
VALUES ('131115-07-2345', 'PAYM002', 'TXN-2025-002');

INSERT INTO Person_Payment (Person_IC, Payment_ID, Payment_TransactionRef)
VALUES ('150620-01-3456', 'PAYM003', 'TXN-2025-003');

INSERT INTO Person_Payment (Person_IC, Payment_ID, Payment_TransactionRef)
VALUES ('120903-05-4567', 'PAYM004', 'TXN-2025-004');

INSERT INTO Person_Payment (Person_IC, Payment_ID, Payment_TransactionRef)
VALUES ('111225-08-5678', 'PAYM005', 'TXN-2025-005');

INSERT INTO Person_Payment (Person_IC, Payment_ID, Payment_TransactionRef)
VALUES ('130418-02-6789', 'PAYM006', 'TXN-2025-006');

INSERT INTO Person_Payment (Person_IC, Payment_ID, Payment_TransactionRef)
VALUES ('141010-03-7890', 'PAYM007', 'TXN-2025-007');

INSERT INTO Person_Payment (Person_IC, Payment_ID, Payment_TransactionRef)
VALUES ('160130-12-8901', 'PAYM008', 'TXN-2025-008');

INSERT INTO Person_Payment (Person_IC, Payment_ID, Payment_TransactionRef)
VALUES ('150812-04-9012', 'PAYM009', 'TXN-2025-009');

INSERT INTO Person_Payment (Person_IC, Payment_ID, Payment_TransactionRef)
VALUES ('110707-06-1122', 'PAYM010', 'TXN-2025-010');


INSERT INTO Person_Franchise (Person_IC, Franchise_ID, Franchise_SSM)
VALUES ('900101-14-1234', 'F001', '201801234567');

INSERT INTO Person_Franchise (Person_IC, Franchise_ID, Franchise_SSM)
VALUES ('880202-07-5678', 'F002', '201901122334');

INSERT INTO Person_Franchise (Person_IC, Franchise_ID, Franchise_SSM)
VALUES ('930303-01-3456', 'F003', '202001998877');

INSERT INTO Person_Franchise (Person_IC, Franchise_ID, Franchise_SSM)
VALUES ('850404-10-7890', 'F004', '201701112233');

INSERT INTO Person_Franchise (Person_IC, Franchise_ID, Franchise_SSM)
VALUES ('920505-08-4567', 'F005', '202102334455');

INSERT INTO Person_Franchise (Person_IC, Franchise_ID, Franchise_SSM)
VALUES ('940606-12-2345', 'F006', '202203334466');

INSERT INTO Person_Franchise (Person_IC, Franchise_ID, Franchise_SSM)
VALUES ('870707-11-6789', 'F007', '201601889900');

INSERT INTO Person_Franchise (Person_IC, Franchise_ID, Franchise_SSM)
VALUES ('890808-05-1122', 'F008', '202004556677');

INSERT INTO Person_Franchise (Person_IC, Franchise_ID, Franchise_SSM)
VALUES ('950909-09-3344', 'F009', '201803335577');

INSERT INTO Person_Franchise (Person_IC, Franchise_ID, Franchise_SSM)
VALUES ('860101-03-5566', 'F010', '202304556699');


INSERT INTO Person_Review (Person_IC, Review_ID, Review_RefNum)
VALUES ('140201-14-1234', 'REV001', 'REV-2025-001');

INSERT INTO Person_Review (Person_IC, Review_ID, Review_RefNum)
VALUES ('131115-07-2345', 'REV002', 'REV-2025-002');

INSERT INTO Person_Review (Person_IC, Review_ID, Review_RefNum)
VALUES ('150620-01-3456', 'REV003', 'REV-2025-003');

INSERT INTO Person_Review (Person_IC, Review_ID, Review_RefNum)
VALUES ('120903-05-4567', 'REV004', 'REV-2025-004');

INSERT INTO Person_Review (Person_IC, Review_ID, Review_RefNum)
VALUES ('111225-08-5678', 'REV005', 'REV-2025-005');

INSERT INTO Person_Review (Person_IC, Review_ID, Review_RefNum)
VALUES ('130418-02-6789', 'REV006', 'REV-2025-006');

INSERT INTO Person_Review (Person_IC, Review_ID, Review_RefNum)
VALUES ('141010-03-7890', 'REV007', 'REV-2025-007');

INSERT INTO Person_Review (Person_IC, Review_ID, Review_RefNum)
VALUES ('160130-12-8901', 'REV008', 'REV-2025-008');

INSERT INTO Person_Review (Person_IC, Review_ID, Review_RefNum)
VALUES ('150812-04-9012', 'REV009', 'REV-2025-009');

INSERT INTO Person_Review (Person_IC, Review_ID, Review_RefNum)
VALUES ('110707-06-1122', 'REV010', 'REV-2025-010');


INSERT INTO Person_Order (Person_IC, Order_ID, Order_RefNum)
VALUES ('900101-14-1234', 'ORD001', 'ORDER-2025-001');

INSERT INTO Person_Order (Person_IC, Order_ID, Order_RefNum)
VALUES ('880202-07-5678', 'ORD002', 'ORDER-2025-002');

INSERT INTO Person_Order (Person_IC, Order_ID, Order_RefNum)
VALUES ('930303-01-3456', 'ORD003', 'ORDER-2025-003');

INSERT INTO Person_Order (Person_IC, Order_ID, Order_RefNum)
VALUES ('850404-10-7890', 'ORD004', 'ORDER-2025-004');

INSERT INTO Person_Order (Person_IC, Order_ID, Order_RefNum)
VALUES ('920505-08-4567', 'ORD005', 'ORDER-2025-005');

INSERT INTO Person_Order (Person_IC, Order_ID, Order_RefNum)
VALUES ('940606-12-2345', 'ORD006', 'ORDER-2025-006');

INSERT INTO Person_Order (Person_IC, Order_ID, Order_RefNum)
VALUES ('870707-11-6789', 'ORD007', 'ORDER-2025-007');

INSERT INTO Person_Order (Person_IC, Order_ID, Order_RefNum)
VALUES ('890808-05-1122', 'ORD008', 'ORDER-2025-008');

INSERT INTO Person_Order (Person_IC, Order_ID, Order_RefNum)
VALUES ('950909-09-3344', 'ORD009', 'ORDER-2025-009');

INSERT INTO Person_Order (Person_IC, Order_ID, Order_RefNum)
VALUES ('860101-03-5566', 'ORD010', 'ORDER-2025-010');


